perm-s t,perm-s c,perm-s u,perm-s f,og-s t,og-s c,og-s u,og-s f,MaGC-s id,MaGC-# miGCs,MaGC:start,MaGC:end,MaGC:duration,MaGC:Tenured:Gen:u(a-b),MaGC:Tenured:Gen:c(a-b),MaGC:Tenured:Gen:u(a),MaGC:Tenured:Gen:u(b),MaGC:Tenured:Gen:c(a),MaGC:Tenured:Gen:c(b),MaGC:Tenured:Gen:i(a),MaGC:Tenured:Gen:i(b),MaGC:Tenured:Gen:m(a),MaGC:Tenured:Gen:m(b),MaGC:Eden:Space:u(a-b),MaGC:Eden:Space:c(a-b),MaGC:Eden:Space:u(a),MaGC:Eden:Space:u(b),MaGC:Eden:Space:c(a),MaGC:Eden:Space:c(b),MaGC:Eden:Space:i(a),MaGC:Eden:Space:i(b),MaGC:Eden:Space:m(a),MaGC:Eden:Space:m(b),MaGC:Survivor:Space:u(a-b),MaGC:Survivor:Space:c(a-b),MaGC:Survivor:Space:u(a),MaGC:Survivor:Space:u(b),MaGC:Survivor:Space:c(a),MaGC:Survivor:Space:c(b),MaGC:Survivor:Space:i(a),MaGC:Survivor:Space:i(b),MaGC:Survivor:Space:m(a),MaGC:Survivor:Space:m(b),MiGC-s id,MiGC-T eMA,MiGC-T ogMA,MiGC-T ogMA%MiGCs,MiGC-T ogMAByMiGCs,MiGC-T t%MiGCs,MiGC:start,MiGC:end,MiGC:duration,MiGC:Tenured:Gen:u(a-b),MiGC:Tenured:Gen:c(a-b),MiGC:Tenured:Gen:u(a),MiGC:Tenured:Gen:u(b),MiGC:Tenured:Gen:c(a),MiGC:Tenured:Gen:c(b),MiGC:Tenured:Gen:i(a),MiGC:Tenured:Gen:i(b),MiGC:Tenured:Gen:m(a),MiGC:Tenured:Gen:m(b),MiGC:Eden:Space:u(a-b),MiGC:Eden:Space:c(a-b),MiGC:Eden:Space:u(a),MiGC:Eden:Space:u(b),MiGC:Eden:Space:c(a),MiGC:Eden:Space:c(b),MiGC:Eden:Space:i(a),MiGC:Eden:Space:i(b),MiGC:Eden:Space:m(a),MiGC:Eden:Space:m(b),MiGC:Survivor:Space:u(a-b),MiGC:Survivor:Space:c(a-b),MiGC:Survivor:Space:u(a),MiGC:Survivor:Space:u(b),MiGC:Survivor:Space:c(a),MiGC:Survivor:Space:c(b),MiGC:Survivor:Space:i(a),MiGC:Survivor:Space:i(b),MiGC:Survivor:Space:m(a),MiGC:Survivor:Space:m(b)
49339,524288000,10147736,514140264,49337,559284224,0,559284224,0,NA,0,0,0,0,0,0,0,0,0,0,0,0,0,0,0,0,0,0,0,0,0,0,0,0,0,0,0,0,0,0,0,0,0,1,NA,NA,NA,NA,NA,49291,49334,43,0,0,0,0,559284224,559284224,559284224,559284224,559284224,559284224,-223739904,0,0,223739904,223739904,223739904,223739904,223739904,223739904,223739904,7534232,0,7534232,0,27918336,27918336,27918336,27918336,27918336,27918336
90971,524288000,10411264,513876736,90970,559284224,7384912,551899312,0,NA,0,0,0,0,0,0,0,0,0,0,0,0,0,0,0,0,0,0,0,0,0,0,0,0,0,0,0,0,0,0,0,0,0,2,2.23739904E8,7384912.0,0.0,7384912.0,41631.0,90914,90965,51,7384912,0,7384912,0,559284224,559284224,559284224,559284224,559284224,559284224,-223739904,0,0,223739904,223739904,223739904,223739904,223739904,223739904,223739904,-7434176,0,100056,7534232,27918336,27918336,27918336,27918336,27918336,27918336
126846,524288000,10428656,513859344,126825,559284224,7478944,551805280,0,NA,0,0,0,0,0,0,0,0,0,0,0,0,0,0,0,0,0,0,0,0,0,0,0,0,0,0,0,0,0,0,0,0,0,3,4.47479808E8,7478944.0,0.0,7478944.0,77481.0,126746,126815,69,94032,0,7478944,7384912,559284224,559284224,559284224,559284224,559284224,559284224,-223739904,0,0,223739904,223739904,223739904,223739904,223739904,223739904,223739904,6035432,0,6135488,100056,27918336,27918336,27918336,27918336,27918336,27918336
176422,524288000,10449728,513838272,176421,559284224,7726192,551558032,0,NA,0,0,0,0,0,0,0,0,0,0,0,0,0,0,0,0,0,0,0,0,0,0,0,0,0,0,0,0,0,0,0,0,0,4,6.71219712E8,7726192.0,0.0,7726192.0,127070.0,176321,176404,83,247248,0,7726192,7478944,559284224,559284224,559284224,559284224,559284224,559284224,-223739904,0,0,223739904,223739904,223739904,223739904,223739904,223739904,223739904,-215200,0,5920288,6135488,27918336,27918336,27918336,27918336,27918336,27918336
226649,524288000,10451848,513836152,226648,559284224,13601864,545682360,0,NA,0,0,0,0,0,0,0,0,0,0,0,0,0,0,0,0,0,0,0,0,0,0,0,0,0,0,0,0,0,0,0,0,0,5,8.94959616E8,1.3601864E7,0.0,1.3601864E7,177312.0,226628,226646,18,5875672,0,13601864,7726192,559284224,559284224,559284224,559284224,559284224,559284224,-223739904,0,0,223739904,223739904,223739904,223739904,223739904,223739904,223739904,-5914952,0,5336,5920288,27918336,27918336,27918336,27918336,27918336,27918336
274150,524288000,10466656,513821344,274149,559284224,13603816,545680408,0,NA,0,0,0,0,0,0,0,0,0,0,0,0,0,0,0,0,0,0,0,0,0,0,0,0,0,0,0,0,0,0,0,0,0,6,1.11869952E9,1.3603816E7,0.0,1.3603816E7,224806.0,273995,274140,145,1952,0,13603816,13601864,559284224,559284224,559284224,559284224,559284224,559284224,-223739904,0,0,223739904,223739904,223739904,223739904,223739904,223739904,223739904,7512008,0,7517344,5336,27918336,27918336,27918336,27918336,27918336,27918336
316303,524288000,10467776,513820224,316302,559284224,21071608,538212616,0,NA,0,0,0,0,0,0,0,0,0,0,0,0,0,0,0,0,0,0,0,0,0,0,0,0,0,0,0,0,0,0,0,0,0,7,1.342439424E9,2.1071608E7,0.0,2.1071608E7,266948.0,316261,316282,21,7467792,0,21071608,13603816,559284224,559284224,559284224,559284224,559284224,559284224,-223739904,0,0,223739904,223739904,223739904,223739904,223739904,223739904,223739904,-7510872,0,6472,7517344,27918336,27918336,27918336,27918336,27918336,27918336
360444,524288000,10473424,513814576,360443,559284224,21071688,538212536,0,NA,0,0,0,0,0,0,0,0,0,0,0,0,0,0,0,0,0,0,0,0,0,0,0,0,0,0,0,0,0,0,0,0,0,8,1.566179328E9,2.1071688E7,0.0,2.1071688E7,311108.0,360397,360442,45,80,0,21071688,21071608,559284224,559284224,559284224,559284224,559284224,559284224,-223739904,0,0,223739904,223739904,223739904,223739904,223739904,223739904,223739904,6370688,0,6377160,6472,27918336,27918336,27918336,27918336,27918336,27918336
404489,524288000,10478648,513809352,404483,559284224,21560592,537723632,0,NA,0,0,0,0,0,0,0,0,0,0,0,0,0,0,0,0,0,0,0,0,0,0,0,0,0,0,0,0,0,0,0,0,0,9,1.789919232E9,2.1560592E7,0.0,2.1560592E7,355148.0,404433,404482,49,488904,0,21560592,21071688,559284224,559284224,559284224,559284224,559284224,559284224,-223739904,0,0,223739904,223739904,223739904,223739904,223739904,223739904,223739904,-468720,0,5908440,6377160,27918336,27918336,27918336,27918336,27918336,27918336
451957,524288000,10479120,513808880,451957,559284224,27420600,531863624,0,NA,0,0,0,0,0,0,0,0,0,0,0,0,0,0,0,0,0,0,0,0,0,0,0,0,0,0,0,0,0,0,0,0,0,10,2.013659136E9,2.74206E7,0.0,2.74206E7,402605.0,451857,451939,82,5860008,0,27420600,21560592,559284224,559284224,559284224,559284224,559284224,559284224,-223739904,0,0,223739904,223739904,223739904,223739904,223739904,223739904,223739904,-5905432,0,3008,5908440,27918336,27918336,27918336,27918336,27918336,27918336
495234,524288000,10482888,513805112,495233,559284224,27420688,531863536,0,NA,0,0,0,0,0,0,0,0,0,0,0,0,0,0,0,0,0,0,0,0,0,0,0,0,0,0,0,0,0,0,0,0,0,11,2.23739904E9,2.7420688E7,0.0,2.7420688E7,445898.0,495143,495232,89,88,0,27420688,27420600,559284224,559284224,559284224,559284224,559284224,559284224,-223739904,0,0,223739904,223739904,223739904,223739904,223739904,223739904,223739904,7161240,0,7164248,3008,27918336,27918336,27918336,27918336,27918336,27918336
541127,524288000,10483048,513804952,541125,559284224,34536272,524747952,0,NA,0,0,0,0,0,0,0,0,0,0,0,0,0,0,0,0,0,0,0,0,0,0,0,0,0,0,0,0,0,0,0,0,0,12,2.461138944E9,3.4536272E7,0.0,3.4536272E7,491790.0,541055,541124,69,7115584,0,34536272,27420688,559284224,559284224,559284224,559284224,559284224,559284224,-223739904,0,0,223739904,223739904,223739904,223739904,223739904,223739904,223739904,-7157800,0,6448,7164248,27918336,27918336,27918336,27918336,27918336,27918336
585617,524288000,10485888,513802112,585615,559284224,34537224,524747000,0,NA,0,0,0,0,0,0,0,0,0,0,0,0,0,0,0,0,0,0,0,0,0,0,0,0,0,0,0,0,0,0,0,0,0,13,2.684878848E9,3.4537224E7,0.0,3.4537224E7,536280.0,585579,585614,35,952,0,34537224,34536272,559284224,559284224,559284224,559284224,559284224,559284224,-223739904,0,0,223739904,223739904,223739904,223739904,223739904,223739904,223739904,5875136,0,5881584,6448,27918336,27918336,27918336,27918336,27918336,27918336
630009,524288000,10488616,513799384,630008,559284224,34546256,524737968,0,NA,0,0,0,0,0,0,0,0,0,0,0,0,0,0,0,0,0,0,0,0,0,0,0,0,0,0,0,0,0,0,0,0,0,14,2.908618752E9,3.4546256E7,0.0,3.4546256E7,580627.0,629928,629961,33,9032,0,34546256,34537224,559284224,559284224,559284224,559284224,559284224,559284224,-223739904,0,0,223739904,223739904,223739904,223739904,223739904,223739904,223739904,30248,0,5911832,5881584,27918336,27918336,27918336,27918336,27918336,27918336
677122,524288000,10488616,513799384,677117,559284224,40400472,518883752,0,NA,0,0,0,0,0,0,0,0,0,0,0,0,0,0,0,0,0,0,0,0,0,0,0,0,0,0,0,0,0,0,0,0,0,15,3.132358656E9,4.0400472E7,0.0,4.0400472E7,627737.0,677021,677071,50,5854216,0,40400472,34546256,559284224,559284224,559284224,559284224,559284224,559284224,-223739904,0,0,223739904,223739904,223739904,223739904,223739904,223739904,223739904,-5908912,0,2920,5911832,27918336,27918336,27918336,27918336,27918336,27918336
722835,524288000,10491784,513796216,722834,559284224,40400472,518883752,0,NA,0,0,0,0,0,0,0,0,0,0,0,0,0,0,0,0,0,0,0,0,0,0,0,0,0,0,0,0,0,0,0,0,0,16,3.35609856E9,4.0400472E7,0.0,4.0400472E7,673452.0,722765,722786,21,0,0,40400472,40400472,559284224,559284224,559284224,559284224,559284224,559284224,-223739904,0,0,223739904,223739904,223739904,223739904,223739904,223739904,223739904,6736080,0,6739000,2920,27918336,27918336,27918336,27918336,27918336,27918336
768672,524288000,10494152,513793848,768671,559284224,41238384,518045840,0,NA,0,0,0,0,0,0,0,0,0,0,0,0,0,0,0,0,0,0,0,0,0,0,0,0,0,0,0,0,0,0,0,0,0,17,3.579838464E9,4.1238384E7,0.0,4.1238384E7,719336.0,768584,768670,86,837912,0,41238384,40400472,559284224,559284224,559284224,559284224,559284224,559284224,-223739904,0,0,223739904,223739904,223739904,223739904,223739904,223739904,223739904,-822336,0,5916664,6739000,27918336,27918336,27918336,27918336,27918336,27918336
808483,524288000,10494152,513793848,808477,559284224,47100312,512183912,0,NA,0,0,0,0,0,0,0,0,0,0,0,0,0,0,0,0,0,0,0,0,0,0,0,0,0,0,0,0,0,0,0,0,0,18,3.803578368E9,4.7100312E7,0.0,4.7100312E7,759135.0,808407,808469,62,5861928,0,47100312,41238384,559284224,559284224,559284224,559284224,559284224,559284224,-223739904,0,0,223739904,223739904,223739904,223739904,223739904,223739904,223739904,-5909848,0,6816,5916664,27918336,27918336,27918336,27918336,27918336,27918336
851586,524288000,10495376,513792624,851585,559284224,47100424,512183800,0,NA,0,0,0,0,0,0,0,0,0,0,0,0,0,0,0,0,0,0,0,0,0,0,0,0,0,0,0,0,0,0,0,0,0,19,4.027318272E9,4.7100424E7,0.0,4.7100424E7,802145.0,851338,851479,141,112,0,47100424,47100312,559284224,559284224,559284224,559284224,559284224,559284224,-223739904,0,0,223739904,223739904,223739904,223739904,223739904,223739904,223739904,7429456,0,7436272,6816,27918336,27918336,27918336,27918336,27918336,27918336
897045,524288000,10495376,513792624,897044,559284224,54477344,504806880,0,NA,0,0,0,0,0,0,0,0,0,0,0,0,0,0,0,0,0,0,0,0,0,0,0,0,0,0,0,0,0,0,0,0,0,20,4.251058176E9,5.4477344E7,0.0,5.4477344E7,847607.0,896845,896941,96,7376920,0,54477344,47100424,559284224,559284224,559284224,559284224,559284224,559284224,-223739904,0,0,223739904,223739904,223739904,223739904,223739904,223739904,223739904,-7418016,0,18256,7436272,27918336,27918336,27918336,27918336,27918336,27918336
940803,524288000,10495952,513792048,940802,559284224,54477344,504806880,0,NA,0,0,0,0,0,0,0,0,0,0,0,0,0,0,0,0,0,0,0,0,0,0,0,0,0,0,0,0,0,0,0,0,0,21,4.47479808E9,5.4477344E7,0.0,5.4477344E7,891429.0,940746,940763,17,0,0,54477344,54477344,559284224,559284224,559284224,559284224,559284224,559284224,-223739904,0,0,223739904,223739904,223739904,223739904,223739904,223739904,223739904,6142536,0,6160792,18256,27918336,27918336,27918336,27918336,27918336,27918336
985298,524288000,10499904,513788096,985296,559284224,54760312,504523912,0,NA,0,0,0,0,0,0,0,0,0,0,0,0,0,0,0,0,0,0,0,0,0,0,0,0,0,0,0,0,0,0,0,0,0,22,4.698537984E9,5.4760312E7,0.0,5.4760312E7,935961.0,985195,985295,100,282968,0,54760312,54477344,559284224,559284224,559284224,559284224,559284224,559284224,-223739904,0,0,223739904,223739904,223739904,223739904,223739904,223739904,223739904,-255152,0,5905640,6160792,27918336,27918336,27918336,27918336,27918336,27918336
1025286,524288000,10500128,513787872,1025285,559284224,60615040,498669184,0,NA,0,0,0,0,0,0,0,0,0,0,0,0,0,0,0,0,0,0,0,0,0,0,0,0,0,0,0,0,0,0,0,0,0,23,4.922277888E9,6.061504E7,0.0,6.061504E7,975950.0,1025225,1025284,59,5854728,0,60615040,54760312,559284224,559284224,559284224,559284224,559284224,559284224,-223739904,0,0,223739904,223739904,223739904,223739904,223739904,223739904,223739904,-5901896,0,3744,5905640,27918336,27918336,27918336,27918336,27918336,27918336
1069059,524288000,10501176,513786824,1069057,559284224,60615040,498669184,0,NA,0,0,0,0,0,0,0,0,0,0,0,0,0,0,0,0,0,0,0,0,0,0,0,0,0,0,0,0,0,0,0,0,0,24,5.146017792E9,6.061504E7,0.0,6.061504E7,1019671.0,1068983,1069005,22,0,0,60615040,60615040,559284224,559284224,559284224,559284224,559284224,559284224,-223739904,0,0,223739904,223739904,223739904,223739904,223739904,223739904,223739904,6784632,0,6788376,3744,27918336,27918336,27918336,27918336,27918336,27918336
1113036,524288000,10520160,513767840,1113031,559284224,61517304,497766920,0,NA,0,0,0,0,0,0,0,0,0,0,0,0,0,0,0,0,0,0,0,0,0,0,0,0,0,0,0,0,0,0,0,0,0,25,5.369757696E9,6.1517304E7,0.0,6.1517304E7,1063696.0,1112941,1113030,89,902264,0,61517304,60615040,559284224,559284224,559284224,559284224,559284224,559284224,-223739904,0,0,223739904,223739904,223739904,223739904,223739904,223739904,223739904,-869616,0,5918760,6788376,27918336,27918336,27918336,27918336,27918336,27918336
1152698,524288000,10520160,513767840,1152697,559284224,67383576,491900648,0,NA,0,0,0,0,0,0,0,0,0,0,0,0,0,0,0,0,0,0,0,0,0,0,0,0,0,0,0,0,0,0,0,0,0,26,5.5934976E9,6.7383576E7,0.0,6.7383576E7,1103337.0,1152604,1152671,67,5866272,0,67383576,61517304,559284224,559284224,559284224,559284224,559284224,559284224,-223739904,0,0,223739904,223739904,223739904,223739904,223739904,223739904,223739904,-5891528,0,27232,5918760,27918336,27918336,27918336,27918336,27918336,27918336
1198740,524288000,10522416,513765584,1198739,559284224,67383736,491900488,0,NA,0,0,0,0,0,0,0,0,0,0,0,0,0,0,0,0,0,0,0,0,0,0,0,0,0,0,0,0,0,0,0,0,0,27,5.817237504E9,6.7383736E7,0.0,6.7383736E7,1149347.0,1198657,1198681,24,160,0,67383736,67383576,559284224,559284224,559284224,559284224,559284224,559284224,-223739904,0,0,223739904,223739904,223739904,223739904,223739904,223739904,223739904,7336320,0,7363552,27232,27918336,27918336,27918336,27918336,27918336,27918336
1245189,524288000,10522416,513765584,1245188,559284224,74685328,484598896,0,NA,0,0,0,0,0,0,0,0,0,0,0,0,0,0,0,0,0,0,0,0,0,0,0,0,0,0,0,0,0,0,0,0,0,28,6.040977408E9,7.4685328E7,0.0,7.4685328E7,1195838.0,1245118,1245172,54,7301592,0,74685328,67383736,559284224,559284224,559284224,559284224,559284224,559284224,-223739904,0,0,223739904,223739904,223739904,223739904,223739904,223739904,223739904,-7360264,0,3288,7363552,27918336,27918336,27918336,27918336,27918336,27918336
1289593,524288000,10523152,513764848,1289592,559284224,74685696,484598528,0,NA,0,0,0,0,0,0,0,0,0,0,0,0,0,0,0,0,0,0,0,0,0,0,0,0,0,0,0,0,0,0,0,0,0,29,6.264717312E9,7.4685696E7,0.0,7.4685696E7,1240246.0,1289542,1289580,38,368,0,74685696,74685328,559284224,559284224,559284224,559284224,559284224,559284224,-223739904,0,0,223739904,223739904,223739904,223739904,223739904,223739904,223739904,6225272,0,6228560,3288,27918336,27918336,27918336,27918336,27918336,27918336
1334309,524288000,10523872,513764128,1334308,559284224,75031640,484252584,0,NA,0,0,0,0,0,0,0,0,0,0,0,0,0,0,0,0,0,0,0,0,0,0,0,0,0,0,0,0,0,0,0,0,0,30,6.488457216E9,7.503164E7,0.0,7.503164E7,1284946.0,1334228,1334280,52,345944,0,75031640,74685696,559284224,559284224,559284224,559284224,559284224,559284224,-223739904,0,0,223739904,223739904,223739904,223739904,223739904,223739904,223739904,-318648,0,5909912,6228560,27918336,27918336,27918336,27918336,27918336,27918336
1377625,524288000,10523872,513764128,1377624,559284224,80886944,478397280,0,NA,0,0,0,0,0,0,0,0,0,0,0,0,0,0,0,0,0,0,0,0,0,0,0,0,0,0,0,0,0,0,0,0,0,31,6.71219712E9,8.0886944E7,0.0,8.0886944E7,1328287.0,1377508,1377621,113,5855304,0,80886944,75031640,559284224,559284224,559284224,559284224,559284224,559284224,-223739904,0,0,223739904,223739904,223739904,223739904,223739904,223739904,223739904,-5902952,0,6960,5909912,27918336,27918336,27918336,27918336,27918336,27918336
1413359,524288000,10523872,513764128,1413358,559284224,80886944,478397280,0,NA,0,0,0,0,0,0,0,0,0,0,0,0,0,0,0,0,0,0,0,0,0,0,0,0,0,0,0,0,0,0,0,0,0,32,6.935937024E9,8.0886944E7,0.0,8.0886944E7,1363971.0,1413287,1413305,18,0,0,80886944,80886944,559284224,559284224,559284224,559284224,559284224,559284224,-223739904,0,0,223739904,223739904,223739904,223739904,223739904,223739904,223739904,6896088,0,6903048,6960,27918336,27918336,27918336,27918336,27918336,27918336
1456790,524288000,10525152,513762848,1456789,559284224,81904408,477379816,0,NA,0,0,0,0,0,0,0,0,0,0,0,0,0,0,0,0,0,0,0,0,0,0,0,0,0,0,0,0,0,0,0,0,0,33,7.159676928E9,8.1904408E7,0.0,8.1904408E7,1407454.0,1456673,1456788,115,1017464,0,81904408,80886944,559284224,559284224,559284224,559284224,559284224,559284224,-223739904,0,0,223739904,223739904,223739904,223739904,223739904,223739904,223739904,-991832,0,5911216,6903048,27918336,27918336,27918336,27918336,27918336,27918336
1502052,524288000,10525152,513762848,1502051,559284224,87765456,471518768,0,NA,0,0,0,0,0,0,0,0,0,0,0,0,0,0,0,0,0,0,0,0,0,0,0,0,0,0,0,0,0,0,0,0,0,34,7.383416832E9,8.7765456E7,0.0,8.7765456E7,1452716.0,1502031,1502050,19,5861048,0,87765456,81904408,559284224,559284224,559284224,559284224,559284224,559284224,-223739904,0,0,223739904,223739904,223739904,223739904,223739904,223739904,223739904,-5907208,0,4008,5911216,27918336,27918336,27918336,27918336,27918336,27918336
1547548,524288000,10525216,513762784,1547546,559284224,87765616,471518608,0,NA,0,0,0,0,0,0,0,0,0,0,0,0,0,0,0,0,0,0,0,0,0,0,0,0,0,0,0,0,0,0,0,0,0,35,7.607156736E9,8.7765616E7,0.0,8.7765616E7,1498210.0,1547444,1547544,100,160,0,87765616,87765456,559284224,559284224,559284224,559284224,559284224,559284224,-223739904,0,0,223739904,223739904,223739904,223739904,223739904,223739904,223739904,7413656,0,7417664,4008,27918336,27918336,27918336,27918336,27918336,27918336
1590207,524288000,10525216,513762784,1590206,559284224,95133000,464151224,0,NA,0,0,0,0,0,0,0,0,0,0,0,0,0,0,0,0,0,0,0,0,0,0,0,0,0,0,0,0,0,0,0,0,0,36,7.83089664E9,9.5133E7,0.0,9.5133E7,1540861.0,1590172,1590195,23,7367384,0,95133000,87765616,559284224,559284224,559284224,559284224,559284224,559284224,-223739904,0,0,223739904,223739904,223739904,223739904,223739904,223739904,223739904,-7410328,0,7336,7417664,27918336,27918336,27918336,27918336,27918336,27918336
1635585,524288000,10525384,513762616,1635583,559284224,95133000,464151224,0,NA,0,0,0,0,0,0,0,0,0,0,0,0,0,0,0,0,0,0,0,0,0,0,0,0,0,0,0,0,0,0,0,0,0,37,8.054636544E9,9.5133E7,0.0,9.5133E7,1586245.0,1635539,1635579,40,0,0,95133000,95133000,559284224,559284224,559284224,559284224,559284224,559284224,-223739904,0,0,223739904,223739904,223739904,223739904,223739904,223739904,223739904,6158016,0,6165352,7336,27918336,27918336,27918336,27918336,27918336,27918336
1678820,524288000,10526928,513761072,1678819,559284224,95411360,463872864,0,NA,0,0,0,0,0,0,0,0,0,0,0,0,0,0,0,0,0,0,0,0,0,0,0,0,0,0,0,0,0,0,0,0,0,38,8.278376448E9,9.541136E7,0.0,9.541136E7,1629451.0,1678742,1678785,43,278360,0,95411360,95133000,559284224,559284224,559284224,559284224,559284224,559284224,-223739904,0,0,223739904,223739904,223739904,223739904,223739904,223739904,223739904,-261424,0,5903928,6165352,27918336,27918336,27918336,27918336,27918336,27918336
1722932,524288000,10526992,513761008,1722932,559284224,101266552,458017672,0,NA,0,0,0,0,0,0,0,0,0,0,0,0,0,0,0,0,0,0,0,0,0,0,0,0,0,0,0,0,0,0,0,0,0,39,8.502116352E9,1.01266552E8,0.0,1.01266552E8,1673596.0,1722841,1722930,89,5855192,0,101266552,95411360,559284224,559284224,559284224,559284224,559284224,559284224,-223739904,0,0,223739904,223739904,223739904,223739904,223739904,223739904,223739904,-5895800,0,8128,5903928,27918336,27918336,27918336,27918336,27918336,27918336
1766764,524288000,10526992,513761008,1766762,559284224,101267600,458016624,0,NA,0,0,0,0,0,0,0,0,0,0,0,0,0,0,0,0,0,0,0,0,0,0,0,0,0,0,0,0,0,0,0,0,0,40,8.725856256E9,1.012676E8,0.0,1.012676E8,1717427.0,1766699,1766761,62,1048,0,101267600,101266552,559284224,559284224,559284224,559284224,559284224,559284224,-223739904,0,0,223739904,223739904,223739904,223739904,223739904,223739904,223739904,6878920,0,6887048,8128,27918336,27918336,27918336,27918336,27918336,27918336
1808377,524288000,10531080,513756920,1808373,559284224,102262592,457021632,0,NA,0,0,0,0,0,0,0,0,0,0,0,0,0,0,0,0,0,0,0,0,0,0,0,0,0,0,0,0,0,0,0,0,0,41,8.94959616E9,1.02262592E8,0.0,1.02262592E8,1759038.0,1808282,1808372,90,994992,0,102262592,101267600,559284224,559284224,559284224,559284224,559284224,559284224,-223739904,0,0,223739904,223739904,223739904,223739904,223739904,223739904,223739904,-969200,0,5917848,6887048,27918336,27918336,27918336,27918336,27918336,27918336
1855320,524288000,10531080,513756920,1855319,559284224,108126176,451158048,0,NA,0,0,0,0,0,0,0,0,0,0,0,0,0,0,0,0,0,0,0,0,0,0,0,0,0,0,0,0,0,0,0,0,0,42,9.173336064E9,1.08126176E8,0.0,1.08126176E8,1805963.0,1855273,1855297,24,5863584,0,108126176,102262592,559284224,559284224,559284224,559284224,559284224,559284224,-223739904,0,0,223739904,223739904,223739904,223739904,223739904,223739904,223739904,-5913904,0,3944,5917848,27918336,27918336,27918336,27918336,27918336,27918336
1900507,524288000,10532736,513755264,1900506,559284224,108126336,451157888,0,NA,0,0,0,0,0,0,0,0,0,0,0,0,0,0,0,0,0,0,0,0,0,0,0,0,0,0,0,0,0,0,0,0,0,43,9.397075968E9,1.08126336E8,0.0,1.08126336E8,1851168.0,1900420,1900502,82,160,0,108126336,108126176,559284224,559284224,559284224,559284224,559284224,559284224,-223739904,0,0,223739904,223739904,223739904,223739904,223739904,223739904,223739904,7570712,0,7574656,3944,27918336,27918336,27918336,27918336,27918336,27918336
1946047,524288000,10532736,513755264,1946045,559284224,115651936,443632288,0,NA,0,0,0,0,0,0,0,0,0,0,0,0,0,0,0,0,0,0,0,0,0,0,0,0,0,0,0,0,0,0,0,0,0,44,9.620815872E9,1.15651936E8,0.0,1.15651936E8,1896709.0,1945997,1946043,46,7525600,0,115651936,108126336,559284224,559284224,559284224,559284224,559284224,559284224,-223739904,0,0,223739904,223739904,223739904,223739904,223739904,223739904,223739904,-7563880,0,10776,7574656,27918336,27918336,27918336,27918336,27918336,27918336
1992723,524288000,10533808,513754192,1992722,559284224,115651936,443632288,0,NA,0,0,0,0,0,0,0,0,0,0,0,0,0,0,0,0,0,0,0,0,0,0,0,0,0,0,0,0,0,0,0,0,0,45,9.844555776E9,1.15651936E8,0.0,1.15651936E8,1943336.0,1992648,1992670,22,0,0,115651936,115651936,559284224,559284224,559284224,559284224,559284224,559284224,-223739904,0,0,223739904,223739904,223739904,223739904,223739904,223739904,223739904,6380904,0,6391680,10776,27918336,27918336,27918336,27918336,27918336,27918336
2032644,524288000,10535432,513752568,2032643,559284224,116160560,443123664,0,NA,0,0,0,0,0,0,0,0,0,0,0,0,0,0,0,0,0,0,0,0,0,0,0,0,0,0,0,0,0,0,0,0,0,46,1.006829568E10,1.1616056E8,0.0,1.1616056E8,1983308.0,2032588,2032642,54,508624,0,116160560,115651936,559284224,559284224,559284224,559284224,559284224,559284224,-223739904,0,0,223739904,223739904,223739904,223739904,223739904,223739904,223739904,-480336,0,5911344,6391680,27918336,27918336,27918336,27918336,27918336,27918336
2073794,524288000,10535432,513752568,2073793,559284224,116160560,443123664,0,NA,0,0,0,0,0,0,0,0,0,0,0,0,0,0,0,0,0,0,0,0,0,0,0,0,0,0,0,0,0,0,0,0,0,47,1.0292035584E10,1.22017288E8,0.0,1.22017288E8,2024490.0,2073795,2073824,29,5856728,0,122017288,116160560,559284224,559284224,559284224,559284224,559284224,559284224,-223739904,0,0,223739904,223739904,223739904,223739904,223739904,223739904,223739904,-5893528,0,17816,5911344,27918336,27918336,27918336,27918336,27918336,27918336
2115904,524288000,10535656,513752344,2115903,559284224,122017352,437266872,0,NA,0,0,0,0,0,0,0,0,0,0,0,0,0,0,0,0,0,0,0,0,0,0,0,0,0,0,0,0,0,0,0,0,0,48,1.0515775488E10,1.22017352E8,0.0,1.22017352E8,2066568.0,2115814,2115902,88,64,0,122017352,122017288,559284224,559284224,559284224,559284224,559284224,559284224,-223739904,0,0,223739904,223739904,223739904,223739904,223739904,223739904,223739904,6987272,0,7005088,17816,27918336,27918336,27918336,27918336,27918336,27918336
2157580,524288000,10536064,513751936,2157579,559284224,123133760,436150464,0,NA,0,0,0,0,0,0,0,0,0,0,0,0,0,0,0,0,0,0,0,0,0,0,0,0,0,0,0,0,0,0,0,0,0,49,1.0739515392E10,1.2313376E8,0.0,1.2313376E8,2108213.0,2157506,2157547,41,1116408,0,123133760,122017352,559284224,559284224,559284224,559284224,559284224,559284224,-223739904,0,0,223739904,223739904,223739904,223739904,223739904,223739904,223739904,-1080232,0,5924856,7005088,27918336,27918336,27918336,27918336,27918336,27918336
2198505,524288000,10536064,513751936,2198504,559284224,128996792,430287432,0,NA,0,0,0,0,0,0,0,0,0,0,0,0,0,0,0,0,0,0,0,0,0,0,0,0,0,0,0,0,0,0,0,0,0,50,1.0963255296E10,1.28996792E8,0.0,1.28996792E8,2149169.0,2198450,2198503,53,5863032,0,128996792,123133760,559284224,559284224,559284224,559284224,559284224,559284224,-223739904,0,0,223739904,223739904,223739904,223739904,223739904,223739904,223739904,-5917320,0,7536,5924856,27918336,27918336,27918336,27918336,27918336,27918336
2239132,524288000,10536736,513751264,2239131,559284224,128996952,430287272,0,NA,0,0,0,0,0,0,0,0,0,0,0,0,0,0,0,0,0,0,0,0,0,0,0,0,0,0,0,0,0,0,0,0,0,51,1.11869952E10,1.28996952E8,0.0,1.28996952E8,2189796.0,2239069,2239130,61,160,0,128996952,128996792,559284224,559284224,559284224,559284224,559284224,559284224,-223739904,0,0,223739904,223739904,223739904,223739904,223739904,223739904,223739904,7536920,0,7544456,7536,27918336,27918336,27918336,27918336,27918336,27918336
2278006,524288000,10536736,513751264,2278005,559284224,136490712,422793512,0,NA,0,0,0,0,0,0,0,0,0,0,0,0,0,0,0,0,0,0,0,0,0,0,0,0,0,0,0,0,0,0,0,0,0,52,1.1410735104E10,1.36490712E8,0.0,1.36490712E8,2228657.0,2277971,2277991,20,7493760,0,136490712,128996952,559284224,559284224,559284224,559284224,559284224,559284224,-223739904,0,0,223739904,223739904,223739904,223739904,223739904,223739904,223739904,-7541536,0,2920,7544456,27918336,27918336,27918336,27918336,27918336,27918336
2318440,524288000,10536936,513751064,2318439,559284224,136490712,422793512,0,NA,0,0,0,0,0,0,0,0,0,0,0,0,0,0,0,0,0,0,0,0,0,0,0,0,0,0,0,0,0,0,0,0,0,53,1.1634475008E10,1.36490712E8,0.0,1.36490712E8,2269078.0,2318376,2318412,36,0,0,136490712,136490712,559284224,559284224,559284224,559284224,559284224,559284224,-223739904,0,0,223739904,223739904,223739904,223739904,223739904,223739904,223739904,6102880,0,6105800,2920,27918336,27918336,27918336,27918336,27918336,27918336
2359203,524288000,10537336,513750664,2359202,559284224,136720328,422563896,0,NA,0,0,0,0,0,0,0,0,0,0,0,0,0,0,0,0,0,0,0,0,0,0,0,0,0,0,0,0,0,0,0,0,0,54,1.1858214912E10,1.36720328E8,0.0,1.36720328E8,2309821.0,2359137,2359155,18,229616,0,136720328,136490712,559284224,559284224,559284224,559284224,559284224,559284224,-223739904,0,0,223739904,223739904,223739904,223739904,223739904,223739904,223739904,-204280,0,5901520,6105800,27918336,27918336,27918336,27918336,27918336,27918336
2402660,524288000,10537336,513750664,2402648,559284224,136720328,422563896,0,NA,0,0,0,0,0,0,0,0,0,0,0,0,0,0,0,0,0,0,0,0,0,0,0,0,0,0,0,0,0,0,0,0,0,55,1.2081954816E10,1.42572352E8,0.0,1.42572352E8,2353372.0,2402661,2402706,45,5852024,0,142572352,136720328,559284224,559284224,559284224,559284224,559284224,559284224,-223739904,0,0,223739904,223739904,223739904,223739904,223739904,223739904,223739904,-5895064,0,6456,5901520,27918336,27918336,27918336,27918336,27918336,27918336
2444672,524288000,10538344,513749656,2444671,559284224,142572416,416711808,0,NA,0,0,0,0,0,0,0,0,0,0,0,0,0,0,0,0,0,0,0,0,0,0,0,0,0,0,0,0,0,0,0,0,0,56,1.230569472E10,1.42572416E8,0.0,1.42572416E8,2395333.0,2444614,2444667,53,64,0,142572416,142572352,559284224,559284224,559284224,559284224,559284224,559284224,-223739904,0,0,223739904,223739904,223739904,223739904,223739904,223739904,223739904,6668280,0,6674736,6456,27918336,27918336,27918336,27918336,27918336,27918336
2485007,524288000,10538344,513749656,2485006,559284224,143346520,415937704,0,NA,0,0,0,0,0,0,0,0,0,0,0,0,0,0,0,0,0,0,0,0,0,0,0,0,0,0,0,0,0,0,0,0,0,57,1.2529434624E10,1.4334652E8,0.0,1.4334652E8,2435670.0,2484950,2485004,54,774104,0,143346520,142572416,559284224,559284224,559284224,559284224,559284224,559284224,-223739904,0,0,223739904,223739904,223739904,223739904,223739904,223739904,223739904,-758920,0,5915816,6674736,27918336,27918336,27918336,27918336,27918336,27918336
2525982,524288000,10538344,513749656,2525980,559284224,149204656,410079568,0,NA,0,0,0,0,0,0,0,0,0,0,0,0,0,0,0,0,0,0,0,0,0,0,0,0,0,0,0,0,0,0,0,0,0,58,1.2753174528E10,1.49204656E8,0.0,1.49204656E8,2476558.0,2525880,2525892,12,5858136,0,149204656,143346520,559284224,559284224,559284224,559284224,559284224,559284224,-223739904,0,0,223739904,223739904,223739904,223739904,223739904,223739904,223739904,-5912832,0,2984,5915816,27918336,27918336,27918336,27918336,27918336,27918336
2574034,524288000,10538344,513749656,2574033,559284224,149204656,410079568,0,NA,0,0,0,0,0,0,0,0,0,0,0,0,0,0,0,0,0,0,0,0,0,0,0,0,0,0,0,0,0,0,0,0,0,59,1.2976914432E10,1.49204656E8,0.0,1.49204656E8,2524690.0,2574000,2574024,24,0,0,149204656,149204656,559284224,559284224,559284224,559284224,559284224,559284224,-223739904,0,0,223739904,223739904,223739904,223739904,223739904,223739904,223739904,7105664,0,7108648,2984,27918336,27918336,27918336,27918336,27918336,27918336
2620943,524288000,10538344,513749656,2620943,559284224,156264912,403019312,0,NA,0,0,0,0,0,0,0,0,0,0,0,0,0,0,0,0,0,0,0,0,0,0,0,0,0,0,0,0,0,0,0,0,0,60,1.3200654336E10,1.56264912E8,0.0,1.56264912E8,2571603.0,2620916,2620937,21,7060256,0,156264912,149204656,559284224,559284224,559284224,559284224,559284224,559284224,-223739904,0,0,223739904,223739904,223739904,223739904,223739904,223739904,223739904,-7099568,0,9080,7108648,27918336,27918336,27918336,27918336,27918336,27918336
2666966,524288000,10539080,513748920,2666965,559284224,156264912,403019312,0,NA,0,0,0,0,0,0,0,0,0,0,0,0,0,0,0,0,0,0,0,0,0,0,0,0,0,0,0,0,0,0,0,0,0,61,1.342439424E10,1.56264912E8,0.0,1.56264912E8,2617586.0,2666904,2666920,16,0,0,156264912,156264912,559284224,559284224,559284224,559284224,559284224,559284224,-223739904,0,0,223739904,223739904,223739904,223739904,223739904,223739904,223739904,6011632,0,6020712,9080,27918336,27918336,27918336,27918336,27918336,27918336
2716701,524288000,10539464,513748536,2716699,559284224,156412264,402871960,0,NA,0,0,0,0,0,0,0,0,0,0,0,0,0,0,0,0,0,0,0,0,0,0,0,0,0,0,0,0,0,0,0,0,0,62,1.3648134144E10,1.56412264E8,0.0,1.56412264E8,2667342.0,2716661,2716676,15,147352,0,156412264,156264912,559284224,559284224,559284224,559284224,559284224,559284224,-223739904,0,0,223739904,223739904,223739904,223739904,223739904,223739904,223739904,-106120,0,5914592,6020712,27918336,27918336,27918336,27918336,27918336,27918336
2767353,524288000,10539464,513748536,2767352,559284224,162270648,397013576,0,NA,0,0,0,0,0,0,0,0,0,0,0,0,0,0,0,0,0,0,0,0,0,0,0,0,0,0,0,0,0,0,0,0,0,63,1.3871874048E10,1.62270648E8,0.0,1.62270648E8,2717939.0,2767256,2767273,17,5858384,0,162270648,156412264,559284224,559284224,559284224,559284224,559284224,559284224,-223739904,0,0,223739904,223739904,223739904,223739904,223739904,223739904,223739904,-5911608,0,2984,5914592,27918336,27918336,27918336,27918336,27918336,27918336
2817588,524288000,10539848,513748152,2817587,559284224,162270648,397013576,0,NA,0,0,0,0,0,0,0,0,0,0,0,0,0,0,0,0,0,0,0,0,0,0,0,0,0,0,0,0,0,0,0,0,0,64,1.4095613952E10,1.62270648E8,0.0,1.62270648E8,2768187.0,2817497,2817521,24,0,0,162270648,162270648,559284224,559284224,559284224,559284224,559284224,559284224,-223739904,0,0,223739904,223739904,223739904,223739904,223739904,223739904,223739904,7104000,0,7106984,2984,27918336,27918336,27918336,27918336,27918336,27918336
2868759,524288000,10539848,513748152,2868758,559284224,169330776,389953448,0,NA,0,0,0,0,0,0,0,0,0,0,0,0,0,0,0,0,0,0,0,0,0,0,0,0,0,0,0,0,0,0,0,0,0,65,1.4319353856E10,1.69330776E8,0.0,1.69330776E8,2819362.0,2868682,2868696,14,7060128,0,169330776,162270648,559284224,559284224,559284224,559284224,559284224,559284224,-223739904,0,0,223739904,223739904,223739904,223739904,223739904,223739904,223739904,-7100584,0,6400,7106984,27918336,27918336,27918336,27918336,27918336,27918336
2919009,524288000,10539848,513748152,2919008,559284224,169330840,389953384,0,NA,0,0,0,0,0,0,0,0,0,0,0,0,0,0,0,0,0,0,0,0,0,0,0,0,0,0,0,0,0,0,0,0,0,66,1.454309376E10,1.6933084E8,0.0,1.6933084E8,2869601.0,2918918,2918935,17,64,0,169330840,169330776,559284224,559284224,559284224,559284224,559284224,559284224,-223739904,0,0,223739904,223739904,223739904,223739904,223739904,223739904,223739904,6216264,0,6222664,6400,27918336,27918336,27918336,27918336,27918336,27918336
2968881,524288000,10541464,513746536,2968880,559284224,169330840,389953384,0,NA,0,0,0,0,0,0,0,0,0,0,0,0,0,0,0,0,0,0,0,0,0,0,0,0,0,0,0,0,0,0,0,0,0,67,1.4766833664E10,1.69675728E8,0.0,1.69675728E8,2919563.0,2968885,2968897,12,344888,0,169675728,169330840,559284224,559284224,559284224,559284224,559284224,559284224,-223739904,0,0,223739904,223739904,223739904,223739904,223739904,223739904,223739904,-297248,0,5925416,6222664,27918336,27918336,27918336,27918336,27918336,27918336
3019641,524288000,10541464,513746536,3019640,559284224,175537896,383746328,0,NA,0,0,0,0,0,0,0,0,0,0,0,0,0,0,0,0,0,0,0,0,0,0,0,0,0,0,0,0,0,0,0,0,0,68,1.4990573568E10,1.75537896E8,0.0,1.75537896E8,2970229.0,3019547,3019563,16,5862168,0,175537896,169675728,559284224,559284224,559284224,559284224,559284224,559284224,-223739904,0,0,223739904,223739904,223739904,223739904,223739904,223739904,223739904,-5918760,0,6656,5925416,27918336,27918336,27918336,27918336,27918336,27918336
3069456,524288000,10541464,513746536,3069455,559284224,175538056,383746168,0,NA,0,0,0,0,0,0,0,0,0,0,0,0,0,0,0,0,0,0,0,0,0,0,0,0,0,0,0,0,0,0,0,0,0,69,1.5214313472E10,1.75538056E8,0.0,1.75538056E8,3020049.0,3069362,3069383,21,160,0,175538056,175537896,559284224,559284224,559284224,559284224,559284224,559284224,-223739904,0,0,223739904,223739904,223739904,223739904,223739904,223739904,223739904,7388616,0,7395272,6656,27918336,27918336,27918336,27918336,27918336,27918336
3120105,524288000,10541464,513746536,3120104,559284224,182889704,376394520,0,NA,0,0,0,0,0,0,0,0,0,0,0,0,0,0,0,0,0,0,0,0,0,0,0,0,0,0,0,0,0,0,0,0,0,70,1.5438053376E10,1.82889704E8,0.0,1.82889704E8,3070698.0,3120014,3120032,18,7351648,0,182889704,175538056,559284224,559284224,559284224,559284224,559284224,559284224,-223739904,0,0,223739904,223739904,223739904,223739904,223739904,223739904,223739904,-7388872,0,6400,7395272,27918336,27918336,27918336,27918336,27918336,27918336
3171082,524288000,10542224,513745776,3171081,559284224,182889768,376394456,0,NA,0,0,0,0,0,0,0,0,0,0,0,0,0,0,0,0,0,0,0,0,0,0,0,0,0,0,0,0,0,0,0,0,0,71,1.566179328E10,1.82889768E8,0.0,1.82889768E8,3121672.0,3170988,3171006,18,64,0,182889768,182889704,559284224,559284224,559284224,559284224,559284224,559284224,-223739904,0,0,223739904,223739904,223739904,223739904,223739904,223739904,223739904,6485544,0,6491944,6400,27918336,27918336,27918336,27918336,27918336,27918336
3221142,524288000,10542224,513745776,3221125,559284224,183500768,375783456,0,NA,0,0,0,0,0,0,0,0,0,0,0,0,0,0,0,0,0,0,0,0,0,0,0,0,0,0,0,0,0,0,0,0,0,72,1.5885533184E10,1.83500768E8,0.0,1.83500768E8,3171806.0,3221125,3221140,15,611000,0,183500768,182889768,559284224,559284224,559284224,559284224,559284224,559284224,-223739904,0,0,223739904,223739904,223739904,223739904,223739904,223739904,223739904,-573304,0,5918640,6491944,27918336,27918336,27918336,27918336,27918336,27918336
3272327,524288000,10542224,513745776,3272326,559284224,189367032,369917192,0,NA,0,0,0,0,0,0,0,0,0,0,0,0,0,0,0,0,0,0,0,0,0,0,0,0,0,0,0,0,0,0,0,0,0,73,1.6109273088E10,1.89367032E8,0.0,1.89367032E8,3222925.0,3272237,3272259,22,5866264,0,189367032,183500768,559284224,559284224,559284224,559284224,559284224,559284224,-223739904,0,0,223739904,223739904,223739904,223739904,223739904,223739904,223739904,-5912264,0,6376,5918640,27918336,27918336,27918336,27918336,27918336,27918336
3323561,524288000,10542224,513745776,3323560,559284224,189367032,369917192,0,NA,0,0,0,0,0,0,0,0,0,0,0,0,0,0,0,0,0,0,0,0,0,0,0,0,0,0,0,0,0,0,0,0,0,74,1.6333012992E10,1.89367032E8,0.0,1.89367032E8,3274250.0,3323561,3323584,23,0,0,189367032,189367032,559284224,559284224,559284224,559284224,559284224,559284224,-223739904,0,0,223739904,223739904,223739904,223739904,223739904,223739904,223739904,7723872,0,7730248,6376,27918336,27918336,27918336,27918336,27918336,27918336
3374667,524288000,10542224,513745776,3374666,559284224,197050520,362233704,0,NA,0,0,0,0,0,0,0,0,0,0,0,0,0,0,0,0,0,0,0,0,0,0,0,0,0,0,0,0,0,0,0,0,0,75,1.6556752896E10,1.9705052E8,0.0,1.9705052E8,3325266.0,3374583,3374600,17,7683488,0,197050520,189367032,559284224,559284224,559284224,559284224,559284224,559284224,-223739904,0,0,223739904,223739904,223739904,223739904,223739904,223739904,223739904,-7716576,0,13672,7730248,27918336,27918336,27918336,27918336,27918336,27918336
3425385,524288000,10542432,513745568,3425384,559284224,197050520,362233704,0,NA,0,0,0,0,0,0,0,0,0,0,0,0,0,0,0,0,0,0,0,0,0,0,0,0,0,0,0,0,0,0,0,0,0,76,1.67804928E10,1.9705052E8,0.0,1.9705052E8,3375995.0,3425310,3425329,19,0,0,197050520,197050520,559284224,559284224,559284224,559284224,559284224,559284224,-223739904,0,0,223739904,223739904,223739904,223739904,223739904,223739904,223739904,6865104,0,6878776,13672,27918336,27918336,27918336,27918336,27918336,27918336
3475719,524288000,10542432,513745568,3475718,559284224,203878456,355405768,0,NA,0,0,0,0,0,0,0,0,0,0,0,0,0,0,0,0,0,0,0,0,0,0,0,0,0,0,0,0,0,0,0,0,0,77,1.7004232704E10,2.03878456E8,0.0,2.03878456E8,3426377.0,3475690,3475711,21,6827936,0,203878456,197050520,559284224,559284224,559284224,559284224,559284224,559284224,-223739904,0,0,223739904,223739904,223739904,223739904,223739904,223739904,223739904,-6872400,0,6376,6878776,27918336,27918336,27918336,27918336,27918336,27918336
3527333,524288000,10543008,513744992,3527332,559284224,203878456,355405768,0,NA,0,0,0,0,0,0,0,0,0,0,0,0,0,0,0,0,0,0,0,0,0,0,0,0,0,0,0,0,0,0,0,0,0,78,1.7227972608E10,2.03878456E8,0.0,2.03878456E8,3477997.0,3527319,3527331,12,0,0,203878456,203878456,559284224,559284224,559284224,559284224,559284224,559284224,-223739904,0,0,223739904,223739904,223739904,223739904,223739904,223739904,223739904,5905240,0,5911616,6376,27918336,27918336,27918336,27918336,27918336,27918336
3578015,524288000,10543632,513744368,3578014,559284224,203912720,355371504,0,NA,0,0,0,0,0,0,0,0,0,0,0,0,0,0,0,0,0,0,0,0,0,0,0,0,0,0,0,0,0,0,0,0,0,79,1.7451712512E10,2.0391272E8,0.0,2.0391272E8,3528632.0,3577954,3577966,12,34264,0,203912720,203878456,559284224,559284224,559284224,559284224,559284224,559284224,-223739904,0,0,223739904,223739904,223739904,223739904,223739904,223739904,223739904,-5232,0,5906384,5911616,27918336,27918336,27918336,27918336,27918336,27918336
3629908,524288000,10543664,513744336,3629907,559284224,209772552,349511672,0,NA,0,0,0,0,0,0,0,0,0,0,0,0,0,0,0,0,0,0,0,0,0,0,0,0,0,0,0,0,0,0,0,0,0,80,1.7675452416E10,2.09772552E8,0.0,2.09772552E8,3580550.0,3629867,3629884,17,5859832,0,209772552,203912720,559284224,559284224,559284224,559284224,559284224,559284224,-223739904,0,0,223739904,223739904,223739904,223739904,223739904,223739904,223739904,-5881072,0,25312,5906384,27918336,27918336,27918336,27918336,27918336,27918336
3681262,524288000,10544160,513743840,3681261,559284224,209791552,349492672,0,NA,0,0,0,0,0,0,0,0,0,0,0,0,0,0,0,0,0,0,0,0,0,0,0,0,0,0,0,0,0,0,0,0,0,81,1.789919232E10,2.09791552E8,0.0,2.09791552E8,3631892.0,3681210,3681226,16,19000,0,209791552,209772552,559284224,559284224,559284224,559284224,559284224,559284224,-223739904,0,0,223739904,223739904,223739904,223739904,223739904,223739904,223739904,7221120,0,7246432,25312,27918336,27918336,27918336,27918336,27918336,27918336
