perm-s t,perm-s c,perm-s u,perm-s f,og-s t,og-s c,og-s u,og-s f,MaGC-s id,MaGC-# miGCs,MaGC:start,MaGC:end,MaGC:duration,MaGC:Tenured:Gen:u(a-b),MaGC:Tenured:Gen:c(a-b),MaGC:Tenured:Gen:u(a),MaGC:Tenured:Gen:u(b),MaGC:Tenured:Gen:c(a),MaGC:Tenured:Gen:c(b),MaGC:Tenured:Gen:i(a),MaGC:Tenured:Gen:i(b),MaGC:Tenured:Gen:m(a),MaGC:Tenured:Gen:m(b),MaGC:Eden:Space:u(a-b),MaGC:Eden:Space:c(a-b),MaGC:Eden:Space:u(a),MaGC:Eden:Space:u(b),MaGC:Eden:Space:c(a),MaGC:Eden:Space:c(b),MaGC:Eden:Space:i(a),MaGC:Eden:Space:i(b),MaGC:Eden:Space:m(a),MaGC:Eden:Space:m(b),MaGC:Survivor:Space:u(a-b),MaGC:Survivor:Space:c(a-b),MaGC:Survivor:Space:u(a),MaGC:Survivor:Space:u(b),MaGC:Survivor:Space:c(a),MaGC:Survivor:Space:c(b),MaGC:Survivor:Space:i(a),MaGC:Survivor:Space:i(b),MaGC:Survivor:Space:m(a),MaGC:Survivor:Space:m(b),MiGC-s id,MiGC-T eMA,MiGC-T ogMA,MiGC-T ogMA%MiGCs,MiGC-T ogMAByMiGCs,MiGC-T t%MiGCs,MiGC:start,MiGC:end,MiGC:duration,MiGC:Par:Eden:Space:u(a-b),MiGC:Par:Eden:Space:c(a-b),MiGC:Par:Eden:Space:u(a),MiGC:Par:Eden:Space:u(b),MiGC:Par:Eden:Space:c(a),MiGC:Par:Eden:Space:c(b),MiGC:Par:Eden:Space:i(a),MiGC:Par:Eden:Space:i(b),MiGC:Par:Eden:Space:m(a),MiGC:Par:Eden:Space:m(b),MiGC:CMS:Old:Gen:u(a-b),MiGC:CMS:Old:Gen:c(a-b),MiGC:CMS:Old:Gen:u(a),MiGC:CMS:Old:Gen:u(b),MiGC:CMS:Old:Gen:c(a),MiGC:CMS:Old:Gen:c(b),MiGC:CMS:Old:Gen:i(a),MiGC:CMS:Old:Gen:i(b),MiGC:CMS:Old:Gen:m(a),MiGC:CMS:Old:Gen:m(b),MiGC:Par:Survivor:Space:u(a-b),MiGC:Par:Survivor:Space:c(a-b),MiGC:Par:Survivor:Space:u(a),MiGC:Par:Survivor:Space:u(b),MiGC:Par:Survivor:Space:c(a),MiGC:Par:Survivor:Space:c(b),MiGC:Par:Survivor:Space:i(a),MiGC:Par:Survivor:Space:i(b),MiGC:Par:Survivor:Space:m(a),MiGC:Par:Survivor:Space:m(b)
8483,209715200,9009736,200705464,8471,559284224,21207424,538076800,0,NA,0,0,0,0,0,0,0,0,0,0,0,0,0,0,0,0,0,0,0,0,0,0,0,0,0,0,0,0,0,0,0,0,0,1,NA,NA,NA,NA,NA,8322,8463,141,-223739904,0,0,223739904,223739904,223739904,223739904,223739904,223739904,223739904,21207424,0,21207424,0,559284224,559284224,559284224,559284224,559284224,559284224,27636608,0,27912632,276024,27918336,27918336,27918336,27918336,27918336,27918336
27937,209715200,9246456,200468744,27935,559284224,48048960,511235264,0,NA,0,0,0,0,0,0,0,0,0,0,0,0,0,0,0,0,0,0,0,0,0,0,0,0,0,0,0,0,0,0,0,0,0,2,2.23739904E8,4.804896E7,0.0,4.804896E7,19465.0,27740,27928,188,-223739904,0,0,223739904,223739904,223739904,223739904,223739904,223739904,223739904,26841536,0,48048960,21207424,559284224,559284224,559284224,559284224,559284224,559284224,-23988840,0,3923792,27912632,27918336,27918336,27918336,27918336,27918336,27918336
60184,209715200,9359504,200355696,60183,559284224,48149920,511134304,0,NA,0,0,0,0,0,0,0,0,0,0,0,0,0,0,0,0,0,0,0,0,0,0,0,0,0,0,0,0,0,0,0,0,0,3,4.47479808E8,4.814992E7,0.0,4.814992E7,51708.0,60126,60171,45,-223739904,0,0,223739904,223739904,223739904,223739904,223739904,223739904,223739904,100960,0,48149920,48048960,559284224,559284224,559284224,559284224,559284224,559284224,-2093672,0,1830120,3923792,27918336,27918336,27918336,27918336,27918336,27918336
98494,209715200,9382184,200333016,98493,559284224,48162288,511121936,0,NA,0,0,0,0,0,0,0,0,0,0,0,0,0,0,0,0,0,0,0,0,0,0,0,0,0,0,0,0,0,0,0,0,0,4,6.71202072E8,4.8162288E7,0.0,4.8162288E7,89976.0,98411,98439,28,-223722264,0,0,223722264,223739904,223739904,223739904,223739904,223739904,223739904,12368,0,48162288,48149920,559284224,559284224,559284224,559284224,559284224,559284224,-303528,0,1526592,1830120,27918336,27918336,27918336,27918336,27918336,27918336
127477,209715200,9386320,200328880,127476,559284224,48172888,511111336,0,NA,0,0,0,0,0,0,0,0,0,0,0,0,0,0,0,0,0,0,0,0,0,0,0,0,0,0,0,0,0,0,0,0,0,5,8.94866864E8,4.8172888E7,0.0,4.8172888E7,118980.0,127426,127443,17,-223664792,0,0,223664792,223739904,223739904,223739904,223739904,223739904,223739904,10600,0,48172888,48162288,559284224,559284224,559284224,559284224,559284224,559284224,-342104,0,1184488,1526592,27918336,27918336,27918336,27918336,27918336,27918336
155784,209715200,9388936,200326264,155783,559284224,48174456,511109768,0,NA,0,0,0,0,0,0,0,0,0,0,0,0,0,0,0,0,0,0,0,0,0,0,0,0,0,0,0,0,0,0,0,0,0,6,1.11841796E9,4.8174456E7,0.0,4.8174456E7,147320.0,155771,155783,12,-223551096,0,0,223551096,223739904,223739904,223739904,223739904,223739904,223739904,1568,0,48174456,48172888,559284224,559284224,559284224,559284224,559284224,559284224,215256,0,1399744,1184488,27918336,27918336,27918336,27918336,27918336,27918336
186719,209715200,9391568,200323632,186719,559284224,48193736,511090488,0,NA,0,0,0,0,0,0,0,0,0,0,0,0,0,0,0,0,0,0,0,0,0,0,0,0,0,0,0,0,0,0,0,0,0,7,1.341930032E9,4.8193736E7,0.0,4.8193736E7,178251.0,186701,186714,13,-223512072,0,0,223512072,223739904,223739904,223739904,223739904,223739904,223739904,19280,0,48193736,48174456,559284224,559284224,559284224,559284224,559284224,559284224,-227320,0,1172424,1399744,27918336,27918336,27918336,27918336,27918336,27918336
219596,209715200,9400264,200314936,219595,559284224,48194760,511089464,0,NA,0,0,0,0,0,0,0,0,0,0,0,0,0,0,0,0,0,0,0,0,0,0,0,0,0,0,0,0,0,0,0,0,0,8,1.565604848E9,4.819476E7,0.0,4.819476E7,211121.0,219574,219584,10,-223674816,0,0,223674816,223739904,223739904,223739904,223739904,223739904,223739904,1024,0,48194760,48193736,559284224,559284224,559284224,559284224,559284224,559284224,-9288,0,1163136,1172424,27918336,27918336,27918336,27918336,27918336,27918336
254462,209715200,9400632,200314568,254461,559284224,48197944,511086280,0,NA,0,0,0,0,0,0,0,0,0,0,0,0,0,0,0,0,0,0,0,0,0,0,0,0,0,0,0,0,0,0,0,0,0,9,1.789097624E9,4.8197944E7,0.0,4.8197944E7,245998.0,254424,254461,37,-223492776,0,0,223492776,223739904,223739904,223739904,223739904,223739904,223739904,3184,0,48197944,48194760,559284224,559284224,559284224,559284224,559284224,559284224,-376,0,1162760,1163136,27918336,27918336,27918336,27918336,27918336,27918336
288978,209715200,9402832,200312368,288978,559284224,48199032,511085192,0,NA,0,0,0,0,0,0,0,0,0,0,0,0,0,0,0,0,0,0,0,0,0,0,0,0,0,0,0,0,0,0,0,0,0,10,2.012780048E9,4.8199032E7,0.0,4.8199032E7,280507.0,288946,288970,24,-223682424,0,0,223682424,223739904,223739904,223739904,223739904,223739904,223739904,1088,0,48199032,48197944,559284224,559284224,559284224,559284224,559284224,559284224,0,0,1162760,1162760,27918336,27918336,27918336,27918336,27918336,27918336
323198,209715200,9406400,200308800,323196,559284224,48202976,511081248,0,NA,0,0,0,0,0,0,0,0,0,0,0,0,0,0,0,0,0,0,0,0,0,0,0,0,0,0,0,0,0,0,0,0,0,11,2.236448792E9,4.8202976E7,0.0,4.8202976E7,314727.0,323143,323190,47,-223668744,0,0,223668744,223739904,223739904,223739904,223739904,223739904,223739904,3944,0,48202976,48199032,559284224,559284224,559284224,559284224,559284224,559284224,0,0,1162760,1162760,27918336,27918336,27918336,27918336,27918336,27918336
360315,209715200,9407504,200307696,360311,559284224,48204256,511079968,0,NA,0,0,0,0,0,0,0,0,0,0,0,0,0,0,0,0,0,0,0,0,0,0,0,0,0,0,0,0,0,0,0,0,0,12,2.46014712E9,4.8204256E7,0.0,4.8204256E7,351847.0,360260,360310,50,-223698328,0,0,223698328,223739904,223739904,223739904,223739904,223739904,223739904,1280,0,48204256,48202976,559284224,559284224,559284224,559284224,559284224,559284224,478480,0,1641240,1162760,27918336,27918336,27918336,27918336,27918336,27918336
399401,209715200,9409240,200305960,399400,559284224,48205488,511078736,0,NA,0,0,0,0,0,0,0,0,0,0,0,0,0,0,0,0,0,0,0,0,0,0,0,0,0,0,0,0,0,0,0,0,0,13,2.683778672E9,4.8205488E7,0.0,4.8205488E7,390870.0,399325,399333,8,-223631552,0,0,223631552,223739904,223739904,223739904,223739904,223739904,223739904,1232,0,48205488,48204256,559284224,559284224,559284224,559284224,559284224,559284224,-404912,0,1236328,1641240,27918336,27918336,27918336,27918336,27918336,27918336
432988,209715200,9410232,200304968,432987,559284224,48206512,511077712,0,NA,0,0,0,0,0,0,0,0,0,0,0,0,0,0,0,0,0,0,0,0,0,0,0,0,0,0,0,0,0,0,0,0,0,14,2.90745616E9,4.8206512E7,0.0,4.8206512E7,424523.0,432957,432986,29,-223677488,0,0,223677488,223739904,223739904,223739904,223739904,223739904,223739904,1024,0,48206512,48205488,559284224,559284224,559284224,559284224,559284224,559284224,128888,0,1365216,1236328,27918336,27918336,27918336,27918336,27918336,27918336
478994,209715200,9410448,200304752,478993,559284224,48207448,511076776,0,NA,0,0,0,0,0,0,0,0,0,0,0,0,0,0,0,0,0,0,0,0,0,0,0,0,0,0,0,0,0,0,0,0,0,15,3.13111768E9,4.8207448E7,0.0,4.8207448E7,470517.0,478950,478980,30,-223661520,0,0,223661520,223739904,223739904,223739904,223739904,223739904,223739904,936,0,48207448,48206512,559284224,559284224,559284224,559284224,559284224,559284224,75616,0,1440832,1365216,27918336,27918336,27918336,27918336,27918336,27918336
513354,209715200,9410448,200304752,513353,559284224,48208384,511075840,0,NA,0,0,0,0,0,0,0,0,0,0,0,0,0,0,0,0,0,0,0,0,0,0,0,0,0,0,0,0,0,0,0,0,0,16,3.354823768E9,4.8208384E7,0.0,4.8208384E7,504884.0,513318,513347,29,-223706088,0,0,223706088,223739904,223739904,223739904,223739904,223739904,223739904,936,0,48208384,48207448,559284224,559284224,559284224,559284224,559284224,559284224,-75616,0,1365216,1440832,27918336,27918336,27918336,27918336,27918336,27918336
548817,209715200,9410784,200304416,548816,559284224,48209464,511074760,0,NA,0,0,0,0,0,0,0,0,0,0,0,0,0,0,0,0,0,0,0,0,0,0,0,0,0,0,0,0,0,0,0,0,0,17,3.57839388E9,4.8209464E7,0.0,4.8209464E7,540324.0,548758,548787,29,-223570112,0,0,223570112,223739904,223739904,223739904,223739904,223739904,223739904,1080,0,48209464,48208384,559284224,559284224,559284224,559284224,559284224,559284224,-404912,0,960304,1365216,27918336,27918336,27918336,27918336,27918336,27918336
584216,209715200,9410784,200304416,584215,559284224,48210544,511073680,0,NA,0,0,0,0,0,0,0,0,0,0,0,0,0,0,0,0,0,0,0,0,0,0,0,0,0,0,0,0,0,0,0,0,0,18,3.801999784E9,4.8210544E7,0.0,4.8210544E7,575740.0,584186,584203,17,-223605904,0,0,223605904,223739904,223739904,223739904,223739904,223739904,223739904,1080,0,48210544,48209464,559284224,559284224,559284224,559284224,559284224,559284224,404912,0,1365216,960304,27918336,27918336,27918336,27918336,27918336,27918336
617992,209715200,9410784,200304416,617991,559284224,48212408,511071816,0,NA,0,0,0,0,0,0,0,0,0,0,0,0,0,0,0,0,0,0,0,0,0,0,0,0,0,0,0,0,0,0,0,0,0,19,4.025598768E9,4.8212408E7,0.0,4.8212408E7,609522.0,617955,617985,30,-223598984,0,0,223598984,223739904,223739904,223739904,223739904,223739904,223739904,1864,0,48212408,48210544,559284224,559284224,559284224,559284224,559284224,559284224,-202456,0,1162760,1365216,27918336,27918336,27918336,27918336,27918336,27918336
651386,209715200,9410784,200304416,651385,559284224,48213448,511070776,0,NA,0,0,0,0,0,0,0,0,0,0,0,0,0,0,0,0,0,0,0,0,0,0,0,0,0,0,0,0,0,0,0,0,0,20,4.249299728E9,4.8213448E7,0.0,4.8213448E7,642921.0,651350,651384,34,-223700960,0,0,223700960,223739904,223739904,223739904,223739904,223739904,223739904,1040,0,48213448,48212408,559284224,559284224,559284224,559284224,559284224,559284224,-64432,0,1098328,1162760,27918336,27918336,27918336,27918336,27918336,27918336
687941,209715200,9410784,200304416,687939,559284224,48215160,511069064,0,NA,0,0,0,0,0,0,0,0,0,0,0,0,0,0,0,0,0,0,0,0,0,0,0,0,0,0,0,0,0,0,0,0,0,21,4.473039632E9,4.821516E7,0.0,4.821516E7,679448.0,687886,687911,25,-223739904,0,0,223739904,223739904,223739904,223739904,223739904,223739904,223739904,1712,0,48215160,48213448,559284224,559284224,559284224,559284224,559284224,559284224,-149208,0,949120,1098328,27918336,27918336,27918336,27918336,27918336,27918336
719808,209715200,9410784,200304416,719807,559284224,48216168,511068056,0,NA,0,0,0,0,0,0,0,0,0,0,0,0,0,0,0,0,0,0,0,0,0,0,0,0,0,0,0,0,0,0,0,0,0,22,4.69676984E9,4.8216168E7,0.0,4.8216168E7,711338.0,719770,719801,31,-223730208,0,0,223730208,223739904,223739904,223739904,223739904,223739904,223739904,1008,0,48216168,48215160,559284224,559284224,559284224,559284224,559284224,559284224,289256,0,1238376,949120,27918336,27918336,27918336,27918336,27918336,27918336
752080,209715200,9410784,200304416,752079,559284224,48217176,511067048,0,NA,0,0,0,0,0,0,0,0,0,0,0,0,0,0,0,0,0,0,0,0,0,0,0,0,0,0,0,0,0,0,0,0,0,23,4.920488512E9,4.8217176E7,0.0,4.8217176E7,743615.0,752032,752078,46,-223718672,0,0,223718672,223739904,223739904,223739904,223739904,223739904,223739904,1008,0,48217176,48216168,559284224,559284224,559284224,559284224,559284224,559284224,-344552,0,893824,1238376,27918336,27918336,27918336,27918336,27918336,27918336
782080,209715200,9410784,200304416,782079,559284224,48218368,511065856,0,NA,0,0,0,0,0,0,0,0,0,0,0,0,0,0,0,0,0,0,0,0,0,0,0,0,0,0,0,0,0,0,0,0,0,24,5.144228416E9,4.8218368E7,0.0,4.8218368E7,773603.0,781971,782066,95,-223739904,0,0,223739904,223739904,223739904,223739904,223739904,223739904,223739904,1192,0,48218368,48217176,559284224,559284224,559284224,559284224,559284224,559284224,471392,0,1365216,893824,27918336,27918336,27918336,27918336,27918336,27918336
813437,209715200,9410784,200304416,813436,559284224,48219448,511064776,0,NA,0,0,0,0,0,0,0,0,0,0,0,0,0,0,0,0,0,0,0,0,0,0,0,0,0,0,0,0,0,0,0,0,0,25,5.36796832E9,4.8219448E7,0.0,4.8219448E7,804851.0,813290,813314,24,-223739904,0,0,223739904,223739904,223739904,223739904,223739904,223739904,223739904,1080,0,48219448,48218368,559284224,559284224,559284224,559284224,559284224,559284224,414048,0,1779264,1365216,27918336,27918336,27918336,27918336,27918336,27918336
847915,209715200,9410784,200304416,847910,559284224,48220456,511063768,0,NA,0,0,0,0,0,0,0,0,0,0,0,0,0,0,0,0,0,0,0,0,0,0,0,0,0,0,0,0,0,0,0,0,0,26,5.591506408E9,4.8220456E7,0.0,4.8220456E7,839446.0,847882,847909,27,-223538088,0,0,223538088,223739904,223739904,223739904,223739904,223739904,223739904,1008,0,48220456,48219448,559284224,559284224,559284224,559284224,559284224,559284224,-616504,0,1162760,1779264,27918336,27918336,27918336,27918336,27918336,27918336
879371,209715200,9410784,200304416,879366,559284224,48221464,511062760,0,NA,0,0,0,0,0,0,0,0,0,0,0,0,0,0,0,0,0,0,0,0,0,0,0,0,0,0,0,0,0,0,0,0,0,27,5.815246048E9,4.8221464E7,0.0,4.8221464E7,870902.0,879319,879365,46,-223739640,0,0,223739640,223739904,223739904,223739904,223739904,223739904,223739904,1008,0,48221464,48220456,559284224,559284224,559284224,559284224,559284224,559284224,478480,0,1641240,1162760,27918336,27918336,27918336,27918336,27918336,27918336
913608,209715200,9410784,200304416,913607,559284224,48222544,511061680,0,NA,0,0,0,0,0,0,0,0,0,0,0,0,0,0,0,0,0,0,0,0,0,0,0,0,0,0,0,0,0,0,0,0,0,28,6.038985952E9,4.8222544E7,0.0,4.8222544E7,905043.0,913498,913506,8,-223739904,0,0,223739904,223739904,223739904,223739904,223739904,223739904,223739904,1080,0,48222544,48221464,559284224,559284224,559284224,559284224,559284224,559284224,148504,0,1789744,1641240,27918336,27918336,27918336,27918336,27918336,27918336
945478,209715200,9410784,200304416,945477,559284224,48223512,511060712,0,NA,0,0,0,0,0,0,0,0,0,0,0,0,0,0,0,0,0,0,0,0,0,0,0,0,0,0,0,0,0,0,0,0,0,29,6.262602608E9,4.8223512E7,0.0,4.8223512E7,936972.0,945426,945435,9,-223616656,0,0,223616656,223739904,223739904,223739904,223739904,223739904,223739904,968,0,48223512,48222544,559284224,559284224,559284224,559284224,559284224,559284224,-626984,0,1162760,1789744,27918336,27918336,27918336,27918336,27918336,27918336
976939,209715200,9412752,200302448,976939,559284224,48224664,511059560,0,NA,0,0,0,0,0,0,0,0,0,0,0,0,0,0,0,0,0,0,0,0,0,0,0,0,0,0,0,0,0,0,0,0,0,30,6.4861004E9,4.8224664E7,0.0,4.8224664E7,968425.0,976858,976888,30,-223497792,0,0,223497792,223739904,223739904,223739904,223739904,223739904,223739904,1152,0,48224664,48223512,559284224,559284224,559284224,559284224,559284224,559284224,0,0,1162760,1162760,27918336,27918336,27918336,27918336,27918336,27918336
1011506,209715200,9412752,200302448,1011505,559284224,48226712,511057512,0,NA,0,0,0,0,0,0,0,0,0,0,0,0,0,0,0,0,0,0,0,0,0,0,0,0,0,0,0,0,0,0,0,0,0,31,6.709840304E9,4.8226712E7,0.0,4.8226712E7,1003040.0,1011466,1011503,37,-223739904,0,0,223739904,223739904,223739904,223739904,223739904,223739904,223739904,2048,0,48226712,48224664,559284224,559284224,559284224,559284224,559284224,559284224,-213640,0,1087144,1300784,27918336,27918336,27918336,27918336,27918336,27918336
1042776,209715200,9412752,200302448,1042775,559284224,48227648,511056576,0,NA,0,0,0,0,0,0,0,0,0,0,0,0,0,0,0,0,0,0,0,0,0,0,0,0,0,0,0,0,0,0,0,0,0,32,6.933416248E9,4.8227648E7,0.0,4.8227648E7,1034254.0,1042702,1042717,15,-223575944,0,0,223575944,223739904,223739904,223739904,223739904,223739904,223739904,936,0,48227648,48226712,559284224,559284224,559284224,559284224,559284224,559284224,278072,0,1365216,1087144,27918336,27918336,27918336,27918336,27918336,27918336
1075594,209715200,9412816,200302384,1075593,559284224,48228728,511055496,0,NA,0,0,0,0,0,0,0,0,0,0,0,0,0,0,0,0,0,0,0,0,0,0,0,0,0,0,0,0,0,0,0,0,0,33,7.157110304E9,4.8228728E7,0.0,4.8228728E7,1067091.0,1075535,1075554,19,-223694056,0,0,223694056,223739904,223739904,223739904,223739904,223739904,223739904,1080,0,48228728,48227648,559284224,559284224,559284224,559284224,559284224,559284224,-200408,0,1164808,1365216,27918336,27918336,27918336,27918336,27918336,27918336
1108002,209715200,9412816,200302384,1108002,559284224,48232024,511052200,0,NA,0,0,0,0,0,0,0,0,0,0,0,0,0,0,0,0,0,0,0,0,0,0,0,0,0,0,0,0,0,0,0,0,0,34,7.380615584E9,4.8232024E7,0.0,4.8232024E7,1099538.0,1107992,1108001,9,-223505280,0,0,223505280,223739904,223739904,223739904,223739904,223739904,223739904,3296,0,48232024,48228728,559284224,559284224,559284224,559284224,559284224,559284224,198360,0,1363168,1164808,27918336,27918336,27918336,27918336,27918336,27918336
1144436,209715200,9412816,200302384,1144435,559284224,48233112,511051112,0,NA,0,0,0,0,0,0,0,0,0,0,0,0,0,0,0,0,0,0,0,0,0,0,0,0,0,0,0,0,0,0,0,0,0,35,7.604310008E9,4.8233112E7,0.0,4.8233112E7,1135943.0,1144396,1144406,10,-223694424,0,0,223694424,223739904,223739904,223739904,223739904,223739904,223739904,1088,0,48233112,48232024,559284224,559284224,559284224,559284224,559284224,559284224,-542936,0,958256,1501192,27918336,27918336,27918336,27918336,27918336,27918336
1181730,209715200,9412992,200302208,1181729,559284224,48234120,511050104,0,NA,0,0,0,0,0,0,0,0,0,0,0,0,0,0,0,0,0,0,0,0,0,0,0,0,0,0,0,0,0,0,0,0,0,36,7.827961056E9,4.823412E7,0.0,4.823412E7,1173262.0,1181689,1181725,36,-223651048,0,0,223651048,223739904,223739904,223739904,223739904,223739904,223739904,1008,0,48234120,48233112,559284224,559284224,559284224,559284224,559284224,559284224,204504,0,1162760,958256,27918336,27918336,27918336,27918336,27918336,27918336
1213451,209715200,9412992,200302208,1213450,559284224,48234120,511050104,0,NA,0,0,0,0,0,0,0,0,0,0,0,0,0,0,0,0,0,0,0,0,0,0,0,0,0,0,0,0,0,0,0,0,0,37,8.05170096E9,4.8235128E7,0.0,4.8235128E7,1205065.0,1213499,1213528,29,-223739904,0,0,223739904,223739904,223739904,223739904,223739904,223739904,223739904,1008,0,48235128,48234120,559284224,559284224,559284224,559284224,559284224,559284224,75712,0,1376496,1300784,27918336,27918336,27918336,27918336,27918336,27918336
1245485,209715200,9412992,200302208,1245484,559284224,48236168,511048056,0,NA,0,0,0,0,0,0,0,0,0,0,0,0,0,0,0,0,0,0,0,0,0,0,0,0,0,0,0,0,0,0,0,0,0,38,8.275313632E9,4.8236168E7,0.0,4.8236168E7,1236960.0,1245410,1245423,13,-223612672,0,0,223612672,223739904,223739904,223739904,223739904,223739904,223739904,1040,0,48236168,48235128,559284224,559284224,559284224,559284224,559284224,559284224,-215784,0,1160712,1376496,27918336,27918336,27918336,27918336,27918336,27918336
1279791,209715200,9413024,200302176,1279790,559284224,48237320,511046904,0,NA,0,0,0,0,0,0,0,0,0,0,0,0,0,0,0,0,0,0,0,0,0,0,0,0,0,0,0,0,0,0,0,0,0,39,8.498812824E9,4.823732E7,0.0,4.823732E7,1271287.0,1279742,1279750,8,-223499192,0,0,223499192,223739904,223739904,223739904,223739904,223739904,223739904,1152,0,48237320,48236168,559284224,559284224,559284224,559284224,559284224,559284224,204504,0,1365216,1160712,27918336,27918336,27918336,27918336,27918336,27918336
1311815,209715200,9413024,200302176,1311811,559284224,48239136,511045088,0,NA,0,0,0,0,0,0,0,0,0,0,0,0,0,0,0,0,0,0,0,0,0,0,0,0,0,0,0,0,0,0,0,0,0,40,8.722512072E9,4.8239136E7,0.0,4.8239136E7,1303348.0,1311786,1311811,25,-223699248,0,0,223699248,223739904,223739904,223739904,223739904,223739904,223739904,1816,0,48239136,48237320,559284224,559284224,559284224,559284224,559284224,559284224,75616,0,1440832,1365216,27918336,27918336,27918336,27918336,27918336,27918336
1342884,209715200,9414760,200300440,1342883,559284224,48240216,511044008,0,NA,0,0,0,0,0,0,0,0,0,0,0,0,0,0,0,0,0,0,0,0,0,0,0,0,0,0,0,0,0,0,0,0,0,41,8.946220832E9,4.8240216E7,0.0,4.8240216E7,1334415.0,1342872,1342878,6,-223708760,0,0,223708760,223739904,223739904,223739904,223739904,223739904,223739904,1080,0,48240216,48239136,559284224,559284224,559284224,559284224,559284224,559284224,-77664,0,1363168,1440832,27918336,27918336,27918336,27918336,27918336,27918336
1373389,209715200,9414760,200300440,1373388,559284224,48241224,511043000,0,NA,0,0,0,0,0,0,0,0,0,0,0,0,0,0,0,0,0,0,0,0,0,0,0,0,0,0,0,0,0,0,0,0,0,42,9.169960736E9,4.8241224E7,0.0,4.8241224E7,1364819.0,1373250,1373282,32,-223739904,0,0,223739904,223739904,223739904,223739904,223739904,223739904,223739904,1008,0,48241224,48240216,559284224,559284224,559284224,559284224,559284224,559284224,425344,0,1788512,1363168,27918336,27918336,27918336,27918336,27918336,27918336
1406314,209715200,9414760,200300440,1406313,559284224,48242304,511041920,0,NA,0,0,0,0,0,0,0,0,0,0,0,0,0,0,0,0,0,0,0,0,0,0,0,0,0,0,0,0,0,0,0,0,0,43,9.393697224E9,4.8242304E7,0.0,4.8242304E7,1397799.0,1406238,1406262,24,-223736488,0,0,223736488,223739904,223739904,223739904,223739904,223739904,223739904,1080,0,48242304,48241224,559284224,559284224,559284224,559284224,559284224,559284224,-487728,0,1300784,1788512,27918336,27918336,27918336,27918336,27918336,27918336
1442551,209715200,9414760,200300440,1442550,559284224,48242304,511041920,0,NA,0,0,0,0,0,0,0,0,0,0,0,0,0,0,0,0,0,0,0,0,0,0,0,0,0,0,0,0,0,0,0,0,0,44,9.617437128E9,4.824324E7,0.0,4.824324E7,1434127.0,1442578,1442590,12,-223739904,0,0,223739904,223739904,223739904,223739904,223739904,223739904,223739904,936,0,48243240,48242304,559284224,559284224,559284224,559284224,559284224,559284224,276552,0,1577336,1300784,27918336,27918336,27918336,27918336,27918336,27918336
1477951,209715200,9414760,200300440,1477947,559284224,48244320,511039904,0,NA,0,0,0,0,0,0,0,0,0,0,0,0,0,0,0,0,0,0,0,0,0,0,0,0,0,0,0,0,0,0,0,0,0,45,9.841139224E9,4.824432E7,0.0,4.824432E7,1469483.0,1477898,1477946,48,-223702096,0,0,223702096,223739904,223739904,223739904,223739904,223739904,223739904,1080,0,48244320,48243240,559284224,559284224,559284224,559284224,559284224,559284224,-74096,0,1503240,1577336,27918336,27918336,27918336,27918336,27918336,27918336
1507585,209715200,9414760,200300440,1507584,559284224,48245400,511038824,0,NA,0,0,0,0,0,0,0,0,0,0,0,0,0,0,0,0,0,0,0,0,0,0,0,0,0,0,0,0,0,0,0,0,0,46,1.0064879128E10,4.82454E7,0.0,4.82454E7,1499092.0,1507526,1507555,29,-223739904,0,0,223739904,223739904,223739904,223739904,223739904,223739904,223739904,1080,0,48245400,48244320,559284224,559284224,559284224,559284224,559284224,559284224,-138024,0,1365216,1503240,27918336,27918336,27918336,27918336,27918336,27918336
1539273,209715200,9414760,200300440,1539273,559284224,48245400,511038824,0,NA,0,0,0,0,0,0,0,0,0,0,0,0,0,0,0,0,0,0,0,0,0,0,0,0,0,0,0,0,0,0,0,0,0,47,1.0288619032E10,4.8246368E7,0.0,4.8246368E7,1530841.0,1539294,1539304,10,-223739904,0,0,223739904,223739904,223739904,223739904,223739904,223739904,223739904,968,0,48246368,48245400,559284224,559284224,559284224,559284224,559284224,559284224,220840,0,1586056,1365216,27918336,27918336,27918336,27918336,27918336,27918336
1576656,209715200,9414760,200300440,1576656,559284224,48247448,511036776,0,NA,0,0,0,0,0,0,0,0,0,0,0,0,0,0,0,0,0,0,0,0,0,0,0,0,0,0,0,0,0,0,0,0,0,48,1.0512358936E10,4.8247448E7,0.0,4.8247448E7,1568169.0,1576614,1576632,18,-223739904,0,0,223739904,223739904,223739904,223739904,223739904,223739904,223739904,1080,0,48247448,48246368,559284224,559284224,559284224,559284224,559284224,559284224,-220840,0,1365216,1586056,27918336,27918336,27918336,27918336,27918336,27918336
1608215,209715200,9414760,200300440,1608215,559284224,48248384,511035840,0,NA,0,0,0,0,0,0,0,0,0,0,0,0,0,0,0,0,0,0,0,0,0,0,0,0,0,0,0,0,0,0,0,0,0,49,1.0736044568E10,4.8248384E7,0.0,4.8248384E7,1599743.0,1608179,1608206,27,-223685632,0,0,223685632,223739904,223739904,223739904,223739904,223739904,223739904,936,0,48248384,48247448,559284224,559284224,559284224,559284224,559284224,559284224,-200408,0,1164808,1365216,27918336,27918336,27918336,27918336,27918336,27918336
1640474,209715200,9414760,200300440,1640473,559284224,48249464,511034760,0,NA,0,0,0,0,0,0,0,0,0,0,0,0,0,0,0,0,0,0,0,0,0,0,0,0,0,0,0,0,0,0,0,0,0,50,1.0959784472E10,4.8249464E7,0.0,4.8249464E7,1631951.0,1640402,1640414,12,-223739904,0,0,223739904,223739904,223739904,223739904,223739904,223739904,223739904,1080,0,48249464,48248384,559284224,559284224,559284224,559284224,559284224,559284224,200408,0,1365216,1164808,27918336,27918336,27918336,27918336,27918336,27918336
1678082,209715200,9414760,200300440,1678082,559284224,48250472,511033752,0,NA,0,0,0,0,0,0,0,0,0,0,0,0,0,0,0,0,0,0,0,0,0,0,0,0,0,0,0,0,0,0,0,0,0,51,1.1183524376E10,4.8250472E7,0.0,4.8250472E7,1669560.0,1678014,1678023,9,-223739904,0,0,223739904,223739904,223739904,223739904,223739904,223739904,223739904,1008,0,48250472,48249464,559284224,559284224,559284224,559284224,559284224,559284224,0,0,1365216,1365216,27918336,27918336,27918336,27918336,27918336,27918336
1712424,209715200,9414760,200300440,1712421,559284224,48251480,511032744,0,NA,0,0,0,0,0,0,0,0,0,0,0,0,0,0,0,0,0,0,0,0,0,0,0,0,0,0,0,0,0,0,0,0,0,52,1.140726428E10,4.825148E7,0.0,4.825148E7,1703935.0,1712387,1712398,11,-223739904,0,0,223739904,223739904,223739904,223739904,223739904,223739904,223739904,1008,0,48251480,48250472,559284224,559284224,559284224,559284224,559284224,559284224,-618552,0,1160712,1779264,27918336,27918336,27918336,27918336,27918336,27918336
1748155,209715200,9414760,200300440,1748142,559284224,48252560,511031664,0,NA,0,0,0,0,0,0,0,0,0,0,0,0,0,0,0,0,0,0,0,0,0,0,0,0,0,0,0,0,0,0,0,0,0,53,1.1631004184E10,4.825256E7,0.0,4.825256E7,1739678.0,1748122,1748141,19,-223739904,0,0,223739904,223739904,223739904,223739904,223739904,223739904,223739904,1080,0,48252560,48251480,559284224,559284224,559284224,559284224,559284224,559284224,204504,0,1365216,1160712,27918336,27918336,27918336,27918336,27918336,27918336
1780688,209715200,9414760,200300440,1780688,559284224,48253496,511030728,0,NA,0,0,0,0,0,0,0,0,0,0,0,0,0,0,0,0,0,0,0,0,0,0,0,0,0,0,0,0,0,0,0,0,0,54,1.1854682152E10,4.8253496E7,0.0,4.8253496E7,1772220.0,1780658,1780683,25,-223677968,0,0,223677968,223739904,223739904,223739904,223739904,223739904,223739904,936,0,48253496,48252560,559284224,559284224,559284224,559284224,559284224,559284224,-128888,0,1236328,1365216,27918336,27918336,27918336,27918336,27918336,27918336
1811971,209715200,9414760,200300440,1811970,559284224,48254648,511029576,0,NA,0,0,0,0,0,0,0,0,0,0,0,0,0,0,0,0,0,0,0,0,0,0,0,0,0,0,0,0,0,0,0,0,0,55,1.2078386112E10,4.8254648E7,0.0,4.8254648E7,1803466.0,1811907,1811929,22,-223703960,0,0,223703960,223739904,223739904,223739904,223739904,223739904,223739904,1152,0,48254648,48253496,559284224,559284224,559284224,559284224,559284224,559284224,-2048,0,1234280,1236328,27918336,27918336,27918336,27918336,27918336,27918336
1847223,209715200,9414760,200300440,1847222,559284224,48255616,511028608,0,NA,0,0,0,0,0,0,0,0,0,0,0,0,0,0,0,0,0,0,0,0,0,0,0,0,0,0,0,0,0,0,0,0,0,56,1.2302107376E10,4.8255616E7,0.0,4.8255616E7,1838740.0,1847163,1847203,40,-223721264,0,0,223721264,223739904,223739904,223739904,223739904,223739904,223739904,968,0,48255616,48254648,559284224,559284224,559284224,559284224,559284224,559284224,-138000,0,1096280,1234280,27918336,27918336,27918336,27918336,27918336,27918336
1881963,209715200,9414760,200300440,1881959,559284224,48256696,511027528,0,NA,0,0,0,0,0,0,0,0,0,0,0,0,0,0,0,0,0,0,0,0,0,0,0,0,0,0,0,0,0,0,0,0,0,57,1.2525577736E10,4.8256696E7,0.0,4.8256696E7,1873495.0,1881938,1881958,20,-223470360,0,0,223470360,223739904,223739904,223739904,223739904,223739904,223739904,1080,0,48256696,48255616,559284224,559284224,559284224,559284224,559284224,559284224,268936,0,1365216,1096280,27918336,27918336,27918336,27918336,27918336,27918336
1914333,209715200,9414760,200300440,1914332,559284224,48257704,511026520,0,NA,0,0,0,0,0,0,0,0,0,0,0,0,0,0,0,0,0,0,0,0,0,0,0,0,0,0,0,0,0,0,0,0,0,58,1.274931764E10,4.8257704E7,0.0,4.8257704E7,1905867.0,1914302,1914330,28,-223739904,0,0,223739904,223739904,223739904,223739904,223739904,223739904,223739904,1008,0,48257704,48256696,559284224,559284224,559284224,559284224,559284224,559284224,-404912,0,960304,1365216,27918336,27918336,27918336,27918336,27918336,27918336
1944299,209715200,9414760,200300440,1944296,559284224,48258712,511025512,0,NA,0,0,0,0,0,0,0,0,0,0,0,0,0,0,0,0,0,0,0,0,0,0,0,0,0,0,0,0,0,0,0,0,0,59,1.297305568E10,4.8258712E7,0.0,4.8258712E7,1935832.0,1944287,1944295,8,-223738040,0,0,223738040,223739904,223739904,223739904,223739904,223739904,223739904,1008,0,48258712,48257704,559284224,559284224,559284224,559284224,559284224,559284224,-211592,0,886736,1098328,27918336,27918336,27918336,27918336,27918336,27918336
1978903,209715200,9414760,200300440,1978903,559284224,48259720,511024504,0,NA,0,0,0,0,0,0,0,0,0,0,0,0,0,0,0,0,0,0,0,0,0,0,0,0,0,0,0,0,0,0,0,0,0,60,1.3196553664E10,4.825972E7,0.0,4.825972E7,1970432.0,1978886,1978895,9,-223497984,0,0,223497984,223739904,223739904,223739904,223739904,223739904,223739904,1008,0,48259720,48258712,559284224,559284224,559284224,559284224,559284224,559284224,478480,0,1365216,886736,27918336,27918336,27918336,27918336,27918336,27918336
2012371,209715200,9414760,200300440,2012371,559284224,48259720,511024504,0,NA,0,0,0,0,0,0,0,0,0,0,0,0,0,0,0,0,0,0,0,0,0,0,0,0,0,0,0,0,0,0,0,0,0,61,1.3420293568E10,4.8260872E7,0.0,4.8260872E7,2003959.0,2012398,2012422,24,-223739904,0,0,223739904,223739904,223739904,223739904,223739904,223739904,223739904,1152,0,48260872,48259720,559284224,559284224,559284224,559284224,559284224,559284224,211592,0,1576808,1365216,27918336,27918336,27918336,27918336,27918336,27918336
2047759,209715200,9414760,200300440,2047759,559284224,48261808,511022416,0,NA,0,0,0,0,0,0,0,0,0,0,0,0,0,0,0,0,0,0,0,0,0,0,0,0,0,0,0,0,0,0,0,0,0,62,1.3644007192E10,4.8261808E7,0.0,4.8261808E7,2039287.0,2047722,2047750,28,-223713624,0,0,223713624,223739904,223739904,223739904,223739904,223739904,223739904,936,0,48261808,48260872,559284224,559284224,559284224,559284224,559284224,559284224,-278072,0,1298736,1576808,27918336,27918336,27918336,27918336,27918336,27918336
2080961,209715200,9414760,200300440,2080960,559284224,48262888,511021336,0,NA,0,0,0,0,0,0,0,0,0,0,0,0,0,0,0,0,0,0,0,0,0,0,0,0,0,0,0,0,0,0,0,0,0,63,1.3867743824E10,4.8262888E7,0.0,4.8262888E7,2072496.0,2080931,2080959,28,-223736632,0,0,223736632,223739904,223739904,223739904,223739904,223739904,223739904,1080,0,48262888,48261808,559284224,559284224,559284224,559284224,559284224,559284224,204504,0,1503240,1298736,27918336,27918336,27918336,27918336,27918336,27918336
2112995,209715200,9415376,200299824,2112995,559284224,48262888,511021336,0,NA,0,0,0,0,0,0,0,0,0,0,0,0,0,0,0,0,0,0,0,0,0,0,0,0,0,0,0,0,0,0,0,0,0,64,1.4091483728E10,4.8263896E7,0.0,4.8263896E7,2104580.0,2113014,2113043,29,-223739904,0,0,223739904,223739904,223739904,223739904,223739904,223739904,223739904,1008,0,48263896,48262888,559284224,559284224,559284224,559284224,559284224,559284224,-128888,0,1374352,1503240,27918336,27918336,27918336,27918336,27918336,27918336
2147444,209715200,9415376,200299824,2147435,559284224,48265008,511019216,0,NA,0,0,0,0,0,0,0,0,0,0,0,0,0,0,0,0,0,0,0,0,0,0,0,0,0,0,0,0,0,0,0,0,0,65,1.4315164496E10,4.8265008E7,0.0,4.8265008E7,2138971.0,2147375,2147434,59,-223680768,0,0,223680768,223739904,223739904,223739904,223739904,223739904,223739904,1112,0,48265008,48263896,559284224,559284224,559284224,559284224,559284224,559284224,-147160,0,1365216,1512376,27918336,27918336,27918336,27918336,27918336,27918336
2181450,209715200,9415768,200299432,2181450,559284224,48265944,511018280,0,NA,0,0,0,0,0,0,0,0,0,0,0,0,0,0,0,0,0,0,0,0,0,0,0,0,0,0,0,0,0,0,0,0,0,66,1.4538875104E10,4.8265944E7,0.0,4.8265944E7,2172928.0,2181382,2181391,9,-223710608,0,0,223710608,223739904,223739904,223739904,223739904,223739904,223739904,936,0,48265944,48265008,559284224,559284224,559284224,559284224,559284224,559284224,-618552,0,1022688,1641240,27918336,27918336,27918336,27918336,27918336,27918336
2208847,209715200,9415768,200299432,2208846,559284224,48267024,511017200,0,NA,0,0,0,0,0,0,0,0,0,0,0,0,0,0,0,0,0,0,0,0,0,0,0,0,0,0,0,0,0,0,0,0,0,67,1.4762481168E10,4.8267024E7,0.0,4.8267024E7,2200379.0,2208779,2208842,63,-223606064,0,0,223606064,223739904,223739904,223739904,223739904,223739904,223739904,1080,0,48267024,48265944,559284224,559284224,559284224,559284224,559284224,559284224,138024,0,1160712,1022688,27918336,27918336,27918336,27918336,27918336,27918336
2240353,209715200,9415768,200299432,2240352,559284224,48268104,511016120,0,NA,0,0,0,0,0,0,0,0,0,0,0,0,0,0,0,0,0,0,0,0,0,0,0,0,0,0,0,0,0,0,0,0,0,68,1.4986099104E10,4.8268104E7,0.0,4.8268104E7,2231889.0,2240322,2240352,30,-223617936,0,0,223617936,223739904,223739904,223739904,223739904,223739904,223739904,1080,0,48268104,48267024,559284224,559284224,559284224,559284224,559284224,559284224,278072,0,1438784,1160712,27918336,27918336,27918336,27918336,27918336,27918336
2273308,209715200,9415768,200299432,2273307,559284224,48269184,511015040,0,NA,0,0,0,0,0,0,0,0,0,0,0,0,0,0,0,0,0,0,0,0,0,0,0,0,0,0,0,0,0,0,0,0,0,69,1.520965736E10,4.8269184E7,0.0,4.8269184E7,2264839.0,2273286,2273302,16,-223558256,0,0,223558256,223739904,223739904,223739904,223739904,223739904,223739904,1080,0,48269184,48268104,559284224,559284224,559284224,559284224,559284224,559284224,-73568,0,1365216,1438784,27918336,27918336,27918336,27918336,27918336,27918336
2302224,209715200,9415768,200299432,2302224,559284224,48270192,511014032,0,NA,0,0,0,0,0,0,0,0,0,0,0,0,0,0,0,0,0,0,0,0,0,0,0,0,0,0,0,0,0,0,0,0,0,70,1.5433365264E10,4.8270192E7,0.0,4.8270192E7,2293725.0,2302162,2302188,26,-223707904,0,0,223707904,223739904,223739904,223739904,223739904,223739904,223739904,1008,0,48270192,48269184,559284224,559284224,559284224,559284224,559284224,559284224,-266888,0,1098328,1365216,27918336,27918336,27918336,27918336,27918336,27918336
2335111,209715200,9415768,200299432,2335111,559284224,48271272,511012952,0,NA,0,0,0,0,0,0,0,0,0,0,0,0,0,0,0,0,0,0,0,0,0,0,0,0,0,0,0,0,0,0,0,0,0,71,1.565701488E10,4.8271272E7,0.0,4.8271272E7,2326647.0,2335082,2335110,28,-223649616,0,0,223649616,223739904,223739904,223739904,223739904,223739904,223739904,1080,0,48271272,48270192,559284224,559284224,559284224,559284224,559284224,559284224,266888,0,1365216,1098328,27918336,27918336,27918336,27918336,27918336,27918336
2366871,209715200,9415768,200299432,2366867,559284224,48272280,511011944,0,NA,0,0,0,0,0,0,0,0,0,0,0,0,0,0,0,0,0,0,0,0,0,0,0,0,0,0,0,0,0,0,0,0,0,72,1.5880705712E10,4.827228E7,0.0,4.827228E7,2358403.0,2366837,2366866,29,-223690832,0,0,223690832,223739904,223739904,223739904,223739904,223739904,223739904,1008,0,48272280,48271272,559284224,559284224,559284224,559284224,559284224,559284224,73568,0,1438784,1365216,27918336,27918336,27918336,27918336,27918336,27918336
2400185,209715200,9415768,200299432,2400185,559284224,48273432,511010792,0,NA,0,0,0,0,0,0,0,0,0,0,0,0,0,0,0,0,0,0,0,0,0,0,0,0,0,0,0,0,0,0,0,0,0,73,1.610434648E10,4.8273432E7,0.0,4.8273432E7,2391695.0,2400142,2400158,16,-223640768,0,0,223640768,223739904,223739904,223739904,223739904,223739904,223739904,1152,0,48273432,48272280,559284224,559284224,559284224,559284224,559284224,559284224,-690072,0,748712,1438784,27918336,27918336,27918336,27918336,27918336,27918336
2429155,209715200,9415768,200299432,2429151,559284224,48274368,511009856,0,NA,0,0,0,0,0,0,0,0,0,0,0,0,0,0,0,0,0,0,0,0,0,0,0,0,0,0,0,0,0,0,0,0,0,74,1.6328086384E10,4.8274368E7,0.0,4.8274368E7,2420687.0,2429111,2429150,39,-223739904,0,0,223739904,223739904,223739904,223739904,223739904,223739904,223739904,936,0,48274368,48273432,559284224,559284224,559284224,559284224,559284224,559284224,614456,0,1363168,748712,27918336,27918336,27918336,27918336,27918336,27918336
2460280,209715200,9415768,200299432,2460279,559284224,48275408,511008816,0,NA,0,0,0,0,0,0,0,0,0,0,0,0,0,0,0,0,0,0,0,0,0,0,0,0,0,0,0,0,0,0,0,0,0,75,1.6551826288E10,4.8275408E7,0.0,4.8275408E7,2451807.0,2460244,2460270,26,-223739904,0,0,223739904,223739904,223739904,223739904,223739904,223739904,223739904,1040,0,48275408,48274368,559284224,559284224,559284224,559284224,559284224,559284224,0,0,1363168,1363168,27918336,27918336,27918336,27918336,27918336,27918336
2490523,209715200,9415768,200299432,2490516,559284224,48276560,511007664,0,NA,0,0,0,0,0,0,0,0,0,0,0,0,0,0,0,0,0,0,0,0,0,0,0,0,0,0,0,0,0,0,0,0,0,76,1.6775566192E10,4.827656E7,0.0,4.827656E7,2482052.0,2490459,2490515,56,-223739904,0,0,223739904,223739904,223739904,223739904,223739904,223739904,223739904,1152,0,48276560,48275408,559284224,559284224,559284224,559284224,559284224,559284224,0,0,1363168,1363168,27918336,27918336,27918336,27918336,27918336,27918336
2524151,209715200,9415768,200299432,2524150,559284224,48277568,511006656,0,NA,0,0,0,0,0,0,0,0,0,0,0,0,0,0,0,0,0,0,0,0,0,0,0,0,0,0,0,0,0,0,0,0,0,77,1.6999257416E10,4.8277568E7,0.0,4.8277568E7,2515652.0,2524089,2524115,26,-223691224,0,0,223691224,223739904,223739904,223739904,223739904,223739904,223739904,1008,0,48277568,48276560,559284224,559284224,559284224,559284224,559284224,559284224,-614456,0,748712,1363168,27918336,27918336,27918336,27918336,27918336,27918336
2557891,209715200,9416104,200299096,2557891,559284224,48278504,511005720,0,NA,0,0,0,0,0,0,0,0,0,0,0,0,0,0,0,0,0,0,0,0,0,0,0,0,0,0,0,0,0,0,0,0,0,78,1.7222963264E10,4.8278504E7,0.0,4.8278504E7,2549387.0,2557814,2557850,36,-223705848,0,0,223705848,223739904,223739904,223739904,223739904,223739904,223739904,936,0,48278504,48277568,559284224,559284224,559284224,559284224,559284224,559284224,890480,0,1639192,748712,27918336,27918336,27918336,27918336,27918336,27918336
2586992,209715200,9416104,200299096,2586991,559284224,48279584,511004640,0,NA,0,0,0,0,0,0,0,0,0,0,0,0,0,0,0,0,0,0,0,0,0,0,0,0,0,0,0,0,0,0,0,0,0,79,1.74464506E10,4.8279584E7,0.0,4.8279584E7,2578522.0,2586979,2586985,6,-223487336,0,0,223487336,223739904,223739904,223739904,223739904,223739904,223739904,1080,0,48279584,48278504,559284224,559284224,559284224,559284224,559284224,559284224,-480528,0,1158664,1639192,27918336,27918336,27918336,27918336,27918336,27918336
2622280,209715200,9416104,200299096,2622279,559284224,48280664,511003560,0,NA,0,0,0,0,0,0,0,0,0,0,0,0,0,0,0,0,0,0,0,0,0,0,0,0,0,0,0,0,0,0,0,0,0,80,1.7670190504E10,4.8280664E7,0.0,4.8280664E7,2613759.0,2622198,2622222,24,-223739904,0,0,223739904,223739904,223739904,223739904,223739904,223739904,223739904,1080,0,48280664,48279584,559284224,559284224,559284224,559284224,559284224,559284224,2048,0,1160712,1158664,27918336,27918336,27918336,27918336,27918336,27918336
2651796,209715200,9416104,200299096,2651795,559284224,48281672,511002552,0,NA,0,0,0,0,0,0,0,0,0,0,0,0,0,0,0,0,0,0,0,0,0,0,0,0,0,0,0,0,0,0,0,0,0,81,1.7893818464E10,4.8281672E7,0.0,4.8281672E7,2643298.0,2651746,2651761,15,-223627960,0,0,223627960,223739904,223739904,223739904,223739904,223739904,223739904,1008,0,48281672,48280664,559284224,559284224,559284224,559284224,559284224,559284224,0,0,1160712,1160712,27918336,27918336,27918336,27918336,27918336,27918336
2683415,209715200,9416104,200299096,2683411,559284224,48282752,511001472,0,NA,0,0,0,0,0,0,0,0,0,0,0,0,0,0,0,0,0,0,0,0,0,0,0,0,0,0,0,0,0,0,0,0,0,82,1.8117556408E10,4.8282752E7,0.0,4.8282752E7,2674947.0,2683354,2683410,56,-223737944,0,0,223737944,223739904,223739904,223739904,223739904,223739904,223739904,1080,0,48282752,48281672,559284224,559284224,559284224,559284224,559284224,559284224,202456,0,1363168,1160712,27918336,27918336,27918336,27918336,27918336,27918336
2716639,209715200,9416104,200299096,2716575,559284224,48283760,511000464,0,NA,0,0,0,0,0,0,0,0,0,0,0,0,0,0,0,0,0,0,0,0,0,0,0,0,0,0,0,0,0,0,0,0,0,83,1.8341296312E10,4.828376E7,0.0,4.828376E7,2708163.0,2716607,2716626,19,-223739904,0,0,223739904,223739904,223739904,223739904,223739904,223739904,223739904,1008,0,48283760,48282752,559284224,559284224,559284224,559284224,559284224,559284224,215688,0,1578856,1363168,27918336,27918336,27918336,27918336,27918336,27918336
2750562,209715200,9416104,200299096,2750561,559284224,48284872,510999352,0,NA,0,0,0,0,0,0,0,0,0,0,0,0,0,0,0,0,0,0,0,0,0,0,0,0,0,0,0,0,0,0,0,0,0,84,1.8565028368E10,4.8284872E7,0.0,4.8284872E7,2742083.0,2750514,2750546,32,-223732056,0,0,223732056,223739904,223739904,223739904,223739904,223739904,223739904,1112,0,48284872,48283760,559284224,559284224,559284224,559284224,559284224,559284224,-416096,0,1162760,1578856,27918336,27918336,27918336,27918336,27918336,27918336
2785602,209715200,9418728,200296472,2785601,559284224,48284872,510999352,0,NA,0,0,0,0,0,0,0,0,0,0,0,0,0,0,0,0,0,0,0,0,0,0,0,0,0,0,0,0,0,0,0,0,0,85,1.878871632E10,4.828588E7,0.0,4.828588E7,2777155.0,2785608,2785618,10,-223687952,0,0,223687952,223739904,223739904,223739904,223739904,223739904,223739904,1008,0,48285880,48284872,559284224,559284224,559284224,559284224,559284224,559284224,479008,0,1641768,1162760,27918336,27918336,27918336,27918336,27918336,27918336
2819302,209715200,9418728,200296472,2819302,559284224,48286888,510997336,0,NA,0,0,0,0,0,0,0,0,0,0,0,0,0,0,0,0,0,0,0,0,0,0,0,0,0,0,0,0,0,0,0,0,0,86,1.9012380472E10,4.8286888E7,0.0,4.8286888E7,2810832.0,2819270,2819295,25,-223664152,0,0,223664152,223739904,223739904,223739904,223739904,223739904,223739904,1008,0,48286888,48285880,559284224,559284224,559284224,559284224,559284224,559284224,-479008,0,1162760,1641768,27918336,27918336,27918336,27918336,27918336,27918336
2854569,209715200,9418728,200296472,2854567,559284224,48287968,510996256,0,NA,0,0,0,0,0,0,0,0,0,0,0,0,0,0,0,0,0,0,0,0,0,0,0,0,0,0,0,0,0,0,0,0,0,87,1.923605724E10,4.8287968E7,0.0,4.8287968E7,2846091.0,2854539,2854554,15,-223676768,0,0,223676768,223739904,223739904,223739904,223739904,223739904,223739904,1080,0,48287968,48286888,559284224,559284224,559284224,559284224,559284224,559284224,276024,0,1438784,1162760,27918336,27918336,27918336,27918336,27918336,27918336
2888415,209715200,9418728,200296472,2888414,559284224,48288904,510995320,0,NA,0,0,0,0,0,0,0,0,0,0,0,0,0,0,0,0,0,0,0,0,0,0,0,0,0,0,0,0,0,0,0,0,0,88,1.9459797144E10,4.8288904E7,0.0,4.8288904E7,2879905.0,2888359,2888368,9,-223739904,0,0,223739904,223739904,223739904,223739904,223739904,223739904,223739904,936,0,48288904,48287968,559284224,559284224,559284224,559284224,559284224,559284224,-278072,0,1160712,1438784,27918336,27918336,27918336,27918336,27918336,27918336
2921063,209715200,9418728,200296472,2921063,559284224,48289984,510994240,0,NA,0,0,0,0,0,0,0,0,0,0,0,0,0,0,0,0,0,0,0,0,0,0,0,0,0,0,0,0,0,0,0,0,0,89,1.9683505568E10,4.8289984E7,0.0,4.8289984E7,2912591.0,2921026,2921054,28,-223708424,0,0,223708424,223739904,223739904,223739904,223739904,223739904,223739904,1080,0,48289984,48288904,559284224,559284224,559284224,559284224,559284224,559284224,278072,0,1438784,1160712,27918336,27918336,27918336,27918336,27918336,27918336
2951547,209715200,9418728,200296472,2951535,559284224,48291064,510993160,0,NA,0,0,0,0,0,0,0,0,0,0,0,0,0,0,0,0,0,0,0,0,0,0,0,0,0,0,0,0,0,0,0,0,0,90,1.9907243208E10,4.8291064E7,0.0,4.8291064E7,2943071.0,2951524,2951534,10,-223737640,0,0,223737640,223739904,223739904,223739904,223739904,223739904,223739904,1080,0,48291064,48289984,559284224,559284224,559284224,559284224,559284224,559284224,200408,0,1639192,1438784,27918336,27918336,27918336,27918336,27918336,27918336
2983175,209715200,9418728,200296472,2983131,559284224,48291064,510993160,0,NA,0,0,0,0,0,0,0,0,0,0,0,0,0,0,0,0,0,0,0,0,0,0,0,0,0,0,0,0,0,0,0,0,0,91,2.0130954176E10,4.8292072E7,0.0,4.8292072E7,2974701.0,2983146,2983164,18,-223710968,0,0,223710968,223739904,223739904,223739904,223739904,223739904,223739904,1008,0,48292072,48291064,559284224,559284224,559284224,559284224,559284224,559284224,-680008,0,1162760,1842768,27918336,27918336,27918336,27918336,27918336,27918336
3014502,209715200,9418728,200296472,3014501,559284224,48293152,510991072,0,NA,0,0,0,0,0,0,0,0,0,0,0,0,0,0,0,0,0,0,0,0,0,0,0,0,0,0,0,0,0,0,0,0,0,92,2.0354443504E10,4.8293152E7,0.0,4.8293152E7,3006027.0,3014456,3014490,34,-223489328,0,0,223489328,223739904,223739904,223739904,223739904,223739904,223739904,1080,0,48293152,48292072,559284224,559284224,559284224,559284224,559284224,559284224,-2048,0,1160712,1162760,27918336,27918336,27918336,27918336,27918336,27918336
3050056,209715200,9418728,200296472,3050055,559284224,48294264,510989960,0,NA,0,0,0,0,0,0,0,0,0,0,0,0,0,0,0,0,0,0,0,0,0,0,0,0,0,0,0,0,0,0,0,0,0,93,2.0578183408E10,4.8294264E7,0.0,4.8294264E7,3041591.0,3050004,3050054,50,-223739904,0,0,223739904,223739904,223739904,223739904,223739904,223739904,223739904,1112,0,48294264,48293152,559284224,559284224,559284224,559284224,559284224,559284224,0,0,1160712,1160712,27918336,27918336,27918336,27918336,27918336,27918336
3083140,209715200,9418968,200296232,3083124,559284224,48295200,510989024,0,NA,0,0,0,0,0,0,0,0,0,0,0,0,0,0,0,0,0,0,0,0,0,0,0,0,0,0,0,0,0,0,0,0,0,94,2.0801892112E10,4.82952E7,0.0,4.82952E7,3074660.0,3083102,3083123,21,-223708704,0,0,223708704,223739904,223739904,223739904,223739904,223739904,223739904,936,0,48295200,48294264,559284224,559284224,559284224,559284224,559284224,559284224,204504,0,1365216,1160712,27918336,27918336,27918336,27918336,27918336,27918336
3118376,209715200,9418968,200296232,3118376,559284224,48296280,510987944,0,NA,0,0,0,0,0,0,0,0,0,0,0,0,0,0,0,0,0,0,0,0,0,0,0,0,0,0,0,0,0,0,0,0,0,95,2.102546848E10,4.829628E7,0.0,4.829628E7,3109887.0,3118326,3118350,24,-223576368,0,0,223576368,223739904,223739904,223739904,223739904,223739904,223739904,1080,0,48296280,48295200,559284224,559284224,559284224,559284224,559284224,559284224,-2048,0,1363168,1365216,27918336,27918336,27918336,27918336,27918336,27918336
3154931,209715200,9418968,200296232,3154930,559284224,48297216,510987008,0,NA,0,0,0,0,0,0,0,0,0,0,0,0,0,0,0,0,0,0,0,0,0,0,0,0,0,0,0,0,0,0,0,0,0,96,2.1249071792E10,4.8297216E7,0.0,4.8297216E7,3146450.0,3154890,3154913,23,-223603312,0,0,223603312,223739904,223739904,223739904,223739904,223739904,223739904,936,0,48297216,48296280,559284224,559284224,559284224,559284224,559284224,559284224,-202456,0,1160712,1363168,27918336,27918336,27918336,27918336,27918336,27918336
3191611,209715200,9418968,200296232,3191611,559284224,48298224,510986000,0,NA,0,0,0,0,0,0,0,0,0,0,0,0,0,0,0,0,0,0,0,0,0,0,0,0,0,0,0,0,0,0,0,0,0,97,2.1472700936E10,4.8298224E7,0.0,4.8298224E7,3183113.0,3191530,3191576,46,-223629144,0,0,223629144,223739904,223739904,223739904,223739904,223739904,223739904,1008,0,48298224,48297216,559284224,559284224,559284224,559284224,559284224,559284224,276024,0,1436736,1160712,27918336,27918336,27918336,27918336,27918336,27918336
3224314,209715200,9418968,200296232,3224313,559284224,48299232,510984992,0,NA,0,0,0,0,0,0,0,0,0,0,0,0,0,0,0,0,0,0,0,0,0,0,0,0,0,0,0,0,0,0,0,0,0,98,2.1696328808E10,4.8299232E7,0.0,4.8299232E7,3215803.0,3224238,3224266,28,-223627872,0,0,223627872,223739904,223739904,223739904,223739904,223739904,223739904,1008,0,48299232,48298224,559284224,559284224,559284224,559284224,559284224,559284224,-69472,0,1367264,1436736,27918336,27918336,27918336,27918336,27918336,27918336
3257728,209715200,9418968,200296232,3257727,559284224,48300312,510983912,0,NA,0,0,0,0,0,0,0,0,0,0,0,0,0,0,0,0,0,0,0,0,0,0,0,0,0,0,0,0,0,0,0,0,0,99,2.1920062224E10,4.8300312E7,0.0,4.8300312E7,3249263.0,3257683,3257726,43,-223733416,0,0,223733416,223739904,223739904,223739904,223739904,223739904,223739904,1080,0,48300312,48299232,559284224,559284224,559284224,559284224,559284224,559284224,-268936,0,1098328,1367264,27918336,27918336,27918336,27918336,27918336,27918336
3289590,209715200,9418968,200296232,3289589,559284224,48301320,510982904,0,NA,0,0,0,0,0,0,0,0,0,0,0,0,0,0,0,0,0,0,0,0,0,0,0,0,0,0,0,0,0,0,0,0,0,100,2.2143778968E10,4.830132E7,0.0,4.830132E7,3281120.0,3289574,3289583,9,-223716744,0,0,223716744,223739904,223739904,223739904,223739904,223739904,223739904,1008,0,48301320,48300312,559284224,559284224,559284224,559284224,559284224,559284224,542912,0,1641240,1098328,27918336,27918336,27918336,27918336,27918336,27918336
3320721,209715200,9418968,200296232,3320720,559284224,48302328,510981896,0,NA,0,0,0,0,0,0,0,0,0,0,0,0,0,0,0,0,0,0,0,0,0,0,0,0,0,0,0,0,0,0,0,0,0,101,2.2367485784E10,4.8302328E7,0.0,4.8302328E7,3312256.0,3320710,3320719,9,-223706816,0,0,223706816,223739904,223739904,223739904,223739904,223739904,223739904,1008,0,48302328,48301320,559284224,559284224,559284224,559284224,559284224,559284224,-680936,0,960304,1641240,27918336,27918336,27918336,27918336,27918336,27918336
3355411,209715200,9418968,200296232,3355399,559284224,48303512,510980712,0,NA,0,0,0,0,0,0,0,0,0,0,0,0,0,0,0,0,0,0,0,0,0,0,0,0,0,0,0,0,0,0,0,0,0,102,2.2591161152E10,4.8303512E7,0.0,4.8303512E7,3346935.0,3355367,3355398,31,-223675368,0,0,223675368,223739904,223739904,223739904,223739904,223739904,223739904,1184,0,48303512,48302328,559284224,559284224,559284224,559284224,559284224,559284224,544984,0,1505288,960304,27918336,27918336,27918336,27918336,27918336,27918336
3391092,209715200,9418968,200296232,3391091,559284224,48304520,510979704,0,NA,0,0,0,0,0,0,0,0,0,0,0,0,0,0,0,0,0,0,0,0,0,0,0,0,0,0,0,0,0,0,0,0,0,103,2.2814870592E10,4.830452E7,0.0,4.830452E7,3382605.0,3391038,3391068,30,-223709440,0,0,223709440,223739904,223739904,223739904,223739904,223739904,223739904,1008,0,48304520,48303512,559284224,559284224,559284224,559284224,559284224,559284224,-544984,0,960304,1505288,27918336,27918336,27918336,27918336,27918336,27918336
3423811,209715200,9418968,200296232,3423811,559284224,48305528,510978696,0,NA,0,0,0,0,0,0,0,0,0,0,0,0,0,0,0,0,0,0,0,0,0,0,0,0,0,0,0,0,0,0,0,0,0,104,2.3038609E10,4.8305528E7,0.0,4.8305528E7,3415283.0,3423739,3423746,7,-223738408,0,0,223738408,223739904,223739904,223739904,223739904,223739904,223739904,1008,0,48305528,48304520,559284224,559284224,559284224,559284224,559284224,559284224,402864,0,1363168,960304,27918336,27918336,27918336,27918336,27918336,27918336
3457821,209715200,9418968,200296232,3457820,559284224,48306608,510977616,0,NA,0,0,0,0,0,0,0,0,0,0,0,0,0,0,0,0,0,0,0,0,0,0,0,0,0,0,0,0,0,0,0,0,0,105,2.3262162304E10,4.8306608E7,0.0,4.8306608E7,3449302.0,3457750,3457765,15,-223553304,0,0,223553304,223739904,223739904,223739904,223739904,223739904,223739904,1080,0,48306608,48305528,559284224,559284224,559284224,559284224,559284224,559284224,-404912,0,958256,1363168,27918336,27918336,27918336,27918336,27918336,27918336
3491063,209715200,9418968,200296232,3491063,559284224,48307616,510976608,0,NA,0,0,0,0,0,0,0,0,0,0,0,0,0,0,0,0,0,0,0,0,0,0,0,0,0,0,0,0,0,0,0,0,0,106,2.348584812E10,4.8307616E7,0.0,4.8307616E7,3482597.0,3491030,3491060,30,-223685816,0,0,223685816,223739904,223739904,223739904,223739904,223739904,223739904,1008,0,48307616,48306608,559284224,559284224,559284224,559284224,559284224,559284224,-62384,0,895872,958256,27918336,27918336,27918336,27918336,27918336,27918336
3519141,209715200,9418968,200296232,3519140,559284224,48308624,510975600,0,NA,0,0,0,0,0,0,0,0,0,0,0,0,0,0,0,0,0,0,0,0,0,0,0,0,0,0,0,0,0,0,0,0,0,107,2.3709570016E10,4.8308624E7,0.0,4.8308624E7,3510654.0,3519071,3519117,46,-223721896,0,0,223721896,223739904,223739904,223739904,223739904,223739904,223739904,1008,0,48308624,48307616,559284224,559284224,559284224,559284224,559284224,559284224,264840,0,1160712,895872,27918336,27918336,27918336,27918336,27918336,27918336
3549084,209715200,9418968,200296232,3549084,559284224,48309704,510974520,0,NA,0,0,0,0,0,0,0,0,0,0,0,0,0,0,0,0,0,0,0,0,0,0,0,0,0,0,0,0,0,0,0,0,0,108,2.393330992E10,4.8309704E7,0.0,4.8309704E7,3540512.0,3548954,3548975,21,-223739904,0,0,223739904,223739904,223739904,223739904,223739904,223739904,223739904,1080,0,48309704,48308624,559284224,559284224,559284224,559284224,559284224,559284224,428112,0,1588824,1160712,27918336,27918336,27918336,27918336,27918336,27918336
3582687,209715200,9418968,200296232,3582687,559284224,48310712,510973512,0,NA,0,0,0,0,0,0,0,0,0,0,0,0,0,0,0,0,0,0,0,0,0,0,0,0,0,0,0,0,0,0,0,0,0,109,2.4157024648E10,4.8310712E7,0.0,4.8310712E7,3574214.0,3582648,3582677,29,-223714728,0,0,223714728,223739904,223739904,223739904,223739904,223739904,223739904,1008,0,48310712,48309704,559284224,559284224,559284224,559284224,559284224,559284224,-281896,0,1306928,1588824,27918336,27918336,27918336,27918336,27918336,27918336
3615868,209715200,9419000,200296200,3615867,559284224,48311792,510972432,0,NA,0,0,0,0,0,0,0,0,0,0,0,0,0,0,0,0,0,0,0,0,0,0,0,0,0,0,0,0,0,0,0,0,0,110,2.4380615592E10,4.8311792E7,0.0,4.8311792E7,3607394.0,3615846,3615857,11,-223590944,0,0,223590944,223739904,223739904,223739904,223739904,223739904,223739904,1080,0,48311792,48310712,559284224,559284224,559284224,559284224,559284224,559284224,-105192,0,1201736,1306928,27918336,27918336,27918336,27918336,27918336,27918336
3648096,209715200,9419032,200296168,3648095,559284224,48332648,510951576,0,NA,0,0,0,0,0,0,0,0,0,0,0,0,0,0,0,0,0,0,0,0,0,0,0,0,0,0,0,0,0,0,0,0,0,111,2.4604355496E10,4.8332648E7,0.0,4.8332648E7,3639505.0,3647938,3647968,30,-223739904,0,0,223739904,223739904,223739904,223739904,223739904,223739904,223739904,20856,0,48332648,48311792,559284224,559284224,559284224,559284224,559284224,559284224,174664,0,1376400,1201736,27918336,27918336,27918336,27918336,27918336,27918336
3680141,209715200,9419480,200295720,3680140,559284224,48333920,510950304,0,NA,0,0,0,0,0,0,0,0,0,0,0,0,0,0,0,0,0,0,0,0,0,0,0,0,0,0,0,0,0,0,0,0,0,112,2.4827828512E10,4.833392E7,0.0,4.833392E7,3671668.0,3680091,3680131,40,-223473016,0,0,223473016,223739904,223739904,223739904,223739904,223739904,223739904,1272,0,48333920,48332648,559284224,559284224,559284224,559284224,559284224,559284224,-215688,0,1160712,1376400,27918336,27918336,27918336,27918336,27918336,27918336
